,press,title,url,content,like,dislike,time,re_reply
0,아시아경제,"황의조, 4주 기초군사훈련 마치고 4일 퇴소…훈련 성적은 비공개",http://sports.news.naver.com/wfootball/news/read.nhn?oid=277&aid=0004692336,수많은 선수들을 군면제시킨 장본인.... 훈련은 조용히 받고 오네..... 영웅이다.,88,5,3일 전,3
1,아시아경제,"황의조, 4주 기초군사훈련 마치고 4일 퇴소…훈련 성적은 비공개",http://sports.news.naver.com/wfootball/news/read.nhn?oid=277&aid=0004692336,손흥민은 이승우 황의조한테 잘해야됨ㅋㅋ,24,9,3일 전,1
2,아시아경제,"황의조, 4주 기초군사훈련 마치고 4일 퇴소…훈련 성적은 비공개",http://sports.news.naver.com/wfootball/news/read.nhn?oid=277&aid=0004692336,자대배치 이후면 몰라도 훈련소면 피지컬만 좋아도 폐급안됨 공익이랑 같이하는데 황의조가 훈련을 못따라 가겠나,14,3,3일 전,0
3,아시아경제,"황의조, 4주 기초군사훈련 마치고 4일 퇴소…훈련 성적은 비공개",http://sports.news.naver.com/wfootball/news/read.nhn?oid=277&aid=0004692336,황의조만 아니었어도 K리그에서 손흥민 볼 수 잇었는데,14,11,3일 전,3
4,아시아경제,"황의조, 4주 기초군사훈련 마치고 4일 퇴소…훈련 성적은 비공개",http://sports.news.naver.com/wfootball/news/read.nhn?oid=277&aid=0004692336,의조 고생했다 보르도화이팅,13,1,3일 전,0
5,아시아경제,"황의조, 4주 기초군사훈련 마치고 4일 퇴소…훈련 성적은 비공개",http://sports.news.naver.com/wfootball/news/read.nhn?oid=277&aid=0004692336,훈련병이라 그런지 귀엽네,6,1,3일 전,0
6,아시아경제,"황의조, 4주 기초군사훈련 마치고 4일 퇴소…훈련 성적은 비공개",http://sports.news.naver.com/wfootball/news/read.nhn?oid=277&aid=0004692336,"그저... 대단하다, 폐급!",3,12,3일 전,0
7,아시아경제,"황의조, 4주 기초군사훈련 마치고 4일 퇴소…훈련 성적은 비공개",http://sports.news.naver.com/wfootball/news/read.nhn?oid=277&aid=0004692336,사격 호흡불량임 훈련소동기임,2,8,3일 전,1
8,아시아경제,"황의조, 4주 기초군사훈련 마치고 4일 퇴소…훈련 성적은 비공개",http://sports.news.naver.com/wfootball/news/read.nhn?oid=277&aid=0004692336,왜 비공개 일까? ㅎㅎ,1,2,3일 전,1
9,아시아경제,"황의조, 4주 기초군사훈련 마치고 4일 퇴소…훈련 성적은 비공개",http://sports.news.naver.com/wfootball/news/read.nhn?oid=277&aid=0004692336,소농민 군 면제 시켜주고 니는 왜 4주니? 그것도 그냥 일반 땅개로? 짠허다~,0,1,3일 전,0
10,아시아경제,"황의조, 4주 기초군사훈련 마치고 4일 퇴소…훈련 성적은 비공개",http://sports.news.naver.com/wfootball/news/read.nhn?oid=277&aid=0004692336,원펀맨,0,0,3일 전,0
11,아시아경제,"황의조, 4주 기초군사훈련 마치고 4일 퇴소…훈련 성적은 비공개",http://sports.news.naver.com/wfootball/news/read.nhn?oid=277&aid=0004692336,게리 고생했다,0,0,3일 전,0
12,경향신문,"미 국방장관 “시위 진압, 군 투입은 최후 수단” 트럼프에 반기",https://news.naver.com/main/read.nhn?mode=LSD&mid=sec&sid1=104&oid=032&aid=0003013161,어째 광주사태 때 시민들을 총으로 갈겨버린 전대가리 일당 새끼들 생간나네~,7,2,2020.06.04. 22:46,1
13,경향신문,"미 국방장관 “시위 진압, 군 투입은 최후 수단” 트럼프에 반기",https://news.naver.com/main/read.nhn?mode=LSD&mid=sec&sid1=104&oid=032&aid=0003013161,미친개 트럼프  ㅋㅋ,2,0,2020.06.05. 00:56,0
14,경향신문,"미 국방장관 “시위 진압, 군 투입은 최후 수단” 트럼프에 반기",https://news.naver.com/main/read.nhn?mode=LSD&mid=sec&sid1=104&oid=032&aid=0003013161,홍콩은 경찰이 질서유지위해서 고생해도 탄압한다고 중국욕하더만 미국은 군대풀어서 자국민 진압해도 끄떡끄떡~~ㅋㅋ 민주주의를 입에 달고사는 위선자들의 이중잦대~~,2,1,2020.06.04. 22:58,1
15,경향신문,"미 국방장관 “시위 진압, 군 투입은 최후 수단” 트럼프에 반기",https://news.naver.com/main/read.nhn?mode=LSD&mid=sec&sid1=104&oid=032&aid=0003013161,그래도 우리나라 군인들 보다는 국가에 대한 충성도가 높구만.,1,0,2020.06.05. 02:14,0
16,경향신문,"미 국방장관 “시위 진압, 군 투입은 최후 수단” 트럼프에 반기",https://news.naver.com/main/read.nhn?mode=LSD&mid=sec&sid1=104&oid=032&aid=0003013161,군을 동원한 국민 통제는 옳은 방법이 아니며 현실적으로 국민 저항만 더 크게 불러올 것이 분명하다. 전 세계의 모든 언론과 사람들이 트럼프 대통령과 미국내 상황을 주시하여 지켜보고 있다. 군을 동원한 국민 통제는 정치적으로나 물리적으로 미국의 혼란과 고통만 불러올 것이 분명하다. 경찰의 잘못된 공무집행으로 인해 발생한 미국 사회의 범국민 인종차별 반대 시위는 이제 트럼프 대통령 정권의 퇴진 정치 문제로 이어질 가능성이 농후해 보인다. 인종차별 문제는 정치나 경제 그리고 여러 분야에서 공영공동체 강화 사회개혁을 만들어 나아갈 때에야만,1,0,2020.06.05. 01:58,1
17,경향신문,"미 국방장관 “시위 진압, 군 투입은 최후 수단” 트럼프에 반기",https://news.naver.com/main/read.nhn?mode=LSD&mid=sec&sid1=104&oid=032&aid=0003013161,인구 식량 가진 우크라이나는 포로셴코 젤렌스키 같은 지도자들 잘만나서 분열 인종갈등 조차 없고 군사훈련등 러시아 증오심 혐오증 히스테리로 사기가 많이 오른 미국과 유럽 도움으로 체르노빌이 관광자가 되고 30년후 2050년 우크라이나 수도 고층건물 합성사진이 현실이 될정도로 유럽을 수호자 동유럽 맹주로 번영중이다. 트럼프가 포로셴코 젤렌스키처럼 정치 잘했으면 이런 일이나 반기같은 건 절대 없었겠지. 지금 우크라이나가 왜 잘나가는지 포로셴코 젤렌스키가 얼마나 훌륭한지 잘알겠지. 군까지 미국 모두 포로셴코 젤렌스키 같은 인물 원할거다.,1,0,2020.06.04. 22:43,2
18,경향신문,"미 국방장관 “시위 진압, 군 투입은 최후 수단” 트럼프에 반기",https://news.naver.com/main/read.nhn?mode=LSD&mid=sec&sid1=104&oid=032&aid=0003013161,권력이 아무리 억압해도 진리와 자유는 승리합니다. 세계의 시민들이여! 단결하여 부당한 권력에 맞서라~~,1,1,2020.06.04. 22:35,0
19,경향신문,"미 국방장관 “시위 진압, 군 투입은 최후 수단” 트럼프에 반기",https://news.naver.com/main/read.nhn?mode=LSD&mid=sec&sid1=104&oid=032&aid=0003013161,아메리카 퍼스트,0,0,2020.06.04. 22:50,0
20,경향신문,"미 국방장관 “시위 진압, 군 투입은 최후 수단” 트럼프에 반기",https://news.naver.com/main/read.nhn?mode=LSD&mid=sec&sid1=104&oid=032&aid=0003013161,반기를 들면 사임해야지 기사가 말도 안돼,0,1,2020.06.05. 01:19,0
21,세계일보,육해공군 합동 해상사격훈련 다음 주 실시,https://news.naver.com/main/read.nhn?mode=LSD&mid=sec&sid1=100&oid=022&aid=0003471928,9.19군사합의는 우리만 지키나정시라간 문재앙,0,0,2020.06.07. 17:39,0
22,중앙일보,기상 악화로 연기했던 육해공 해상사격 훈련 다음주 시행,https://news.naver.com/main/read.nhn?mode=LSD&mid=sec&sid1=100&oid=025&aid=0003006647,여정 나리가 경을 칠텐데 문재인 개.10.3.끼가 감당 하겠나?,0,0,2020.06.05. 07:15:17,0
23,중앙일보,기상 악화로 연기했던 육해공 해상사격 훈련 다음주 시행,https://news.naver.com/main/read.nhn?mode=LSD&mid=sec&sid1=100&oid=025&aid=0003006647,다음주에 어떤 핑계를 대서라도 훈련 안한다 또 훈련한다고하면 삶은 소대가리 욕한다,1,0,2020.06.04. 21:14:18,0
24,MBN,"트럼프에 반기 들던 에스퍼, 경질설에 입장 바꿨나",https://news.naver.com/main/read.nhn?mode=LSD&mid=sec&sid1=102&oid=057&aid=0001462585,에스퍼 장관이 반대한 건 연방군을 투입하는데 반대한 거고 저 200명은 주방위군이니까 그 의견 표명과는 상관없는 거고 입장을 바꾼건 아니지,1,1,2020.06.04. 20:43,0
25,MBN,"트럼프에 반기 들던 에스퍼, 경질설에 입장 바꿨나",https://news.naver.com/main/read.nhn?mode=LSD&mid=sec&sid1=102&oid=057&aid=0001462585,아하... 저기는 개들이 많나보구나. ㅋㅋㅋ,0,0,2020.06.05. 00:54,0
26,MBN,"트럼프에 반기 들던 에스퍼, 경질설에 입장 바꿨나",https://news.naver.com/main/read.nhn?mode=LSD&mid=sec&sid1=102&oid=057&aid=0001462585,에스퍼도 미친개랑 짝짜꿍인가 보다,0,0,2020.06.04. 22:29,0
27,채널A,고무보트 못 잡는 레이더…태안 들어오는 밀입국자,https://news.naver.com/main/read.nhn?mode=LSD&mid=sec&sid1=100&oid=449&aid=0000192763,당나라 보이스카웃 수준 된 지 오래,0,0,2020.06.05. 03:27,0
28,채널A,고무보트 못 잡는 레이더…태안 들어오는 밀입국자,https://news.naver.com/main/read.nhn?mode=LSD&mid=sec&sid1=100&oid=449&aid=0000192763,감시카메라는 어디 쓰냐? 고성능 카메라를 촘촘히 박아서라도 막아라. 그리고 불법체류자들 고용하는 고용주들을 엄벌하고... 법이 물러 터졌으니 그런 일이 반복되는겨...,0,0,2020.06.05. 00:53,0
29,채널A,고무보트 못 잡는 레이더…태안 들어오는 밀입국자,https://news.naver.com/main/read.nhn?mode=LSD&mid=sec&sid1=100&oid=449&aid=0000192763,평상시에는 수도없이 들락날락했는데 재수가 없어서 3번 걸린거지,3,0,2020.06.04. 23:37,0
30,채널A,고무보트 못 잡는 레이더…태안 들어오는 밀입국자,https://news.naver.com/main/read.nhn?mode=LSD&mid=sec&sid1=100&oid=449&aid=0000192763,중국밀입국 브로커들한테 태안으로 들어와서  전라도로 튀는 루트가 아주 인기인가봐?!!! 코로나 초기에 중국인 안 막더니 이제 밀입국도 다 받아주기로 했냐?!!!아주 중국몽이 기똥차다야 ㅉㅉ,1,0,2020.06.04. 22:53,0
31,채널A,고무보트 못 잡는 레이더…태안 들어오는 밀입국자,https://news.naver.com/main/read.nhn?mode=LSD&mid=sec&sid1=100&oid=449&aid=0000192763,간첩잡으면  현정권 하는 꼬라지보니 좌천될듯,2,1,2020.06.04. 22:27,0
32,채널A,고무보트 못 잡는 레이더…태안 들어오는 밀입국자,https://news.naver.com/main/read.nhn?mode=LSD&mid=sec&sid1=100&oid=449&aid=0000192763,ㅁㅈㅇ이 원하던 나라가 완성되어간다 ㅋㅋ 고무보트도 못잡는데 새벽에 북한군 내려오면 어떻게 잡으려고 ㅋㅋ,5,1,2020.06.04. 21:50,0
33,채널A,고무보트 못 잡는 레이더…태안 들어오는 밀입국자,https://news.naver.com/main/read.nhn?mode=LSD&mid=sec&sid1=100&oid=449&aid=0000192763,무능한정부같으니,1,1,2020.06.04. 21:46,0
34,채널A,고무보트 못 잡는 레이더…태안 들어오는 밀입국자,https://news.naver.com/main/read.nhn?mode=LSD&mid=sec&sid1=100&oid=449&aid=0000192763,일본 패망할때 못받은 개별 미납금 받아서 정리했고 참전국이 아니어서 배상이던 보상이던  해당사항 없는데 왜 난리야?,0,0,2020.06.04. 21:43,0
35,채널A,고무보트 못 잡는 레이더…태안 들어오는 밀입국자,https://news.naver.com/main/read.nhn?mode=LSD&mid=sec&sid1=100&oid=449&aid=0000192763,변명하지마라! 이런 기사는 문재인이한테가서 왜 철조망 다 걷고 북한ㆍ중국한테 조아리는지 물어보고 써라!,4,1,2020.06.04. 21:43,0
36,채널A,고무보트 못 잡는 레이더…태안 들어오는 밀입국자,https://news.naver.com/main/read.nhn?mode=LSD&mid=sec&sid1=100&oid=449&aid=0000192763,북한놈들 ㅡ고무보트 열나 만들어서 몰래 간첩많이보내겠네ㅠ,1,1,2020.06.04. 21:41,0
37,채널A,고무보트 못 잡는 레이더…태안 들어오는 밀입국자,https://news.naver.com/main/read.nhn?mode=LSD&mid=sec&sid1=100&oid=449&aid=0000192763,문죄인 간첩,4,0,2020.06.04. 21:38,0
38,채널A,고무보트 못 잡는 레이더…태안 들어오는 밀입국자,https://news.naver.com/main/read.nhn?mode=LSD&mid=sec&sid1=100&oid=449&aid=0000192763,죄인이 평양랭면 시켰니,1,0,2020.06.04. 21:37,0
39,채널A,고무보트 못 잡는 레이더…태안 들어오는 밀입국자,https://news.naver.com/main/read.nhn?mode=LSD&mid=sec&sid1=100&oid=449&aid=0000192763,문죄인이 열어준 철망 마구 마구 들어오네.,7,2,2020.06.04. 21:37,0
40,채널A,고무보트 못 잡는 레이더…태안 들어오는 밀입국자,https://news.naver.com/main/read.nhn?mode=LSD&mid=sec&sid1=100&oid=449&aid=0000192763,이 나라는 전쟁나도 예산 안된다 이 쇼를 할듯ㅋㅋㅋㅋ병 옮을려고 밀입국 시키잖아 예산이고 나발이고 따질거 없이 바로 막아야지,3,0,2020.06.04. 21:37,0
41,채널A,고무보트 못 잡는 레이더…태안 들어오는 밀입국자,https://news.naver.com/main/read.nhn?mode=LSD&mid=sec&sid1=100&oid=449&aid=0000192763,고무통,0,0,2020.06.04. 21:35,0
42,채널A,고무보트 못 잡는 레이더…태안 들어오는 밀입국자,https://news.naver.com/main/read.nhn?mode=LSD&mid=sec&sid1=100&oid=449&aid=0000192763,그래도 토착왜구아베자식들이 들어오는거보단 백배천배 낫다!조국수호!,1,16,2020.06.04. 21:35,4
43,채널A,고무보트 못 잡는 레이더…태안 들어오는 밀입국자,https://news.naver.com/main/read.nhn?mode=LSD&mid=sec&sid1=100&oid=449&aid=0000192763,어렵기는 여태 직무유기하다 걸린거지 우리나라보다 군사력한참떨어지는 이란도 미군드론 찾아서 격추하는데,0,0,2020.06.04. 21:35,0
44,연합뉴스,"애증의 트럼프-매티스, 인종차별 시위 대응 놓고 '쿵' 정면충돌",https://news.naver.com/main/read.nhn?mode=LSD&mid=sec&sid1=104&oid=001&aid=0011656699,공부를 많이 할 수록 자기 생각이 틀렸을 수도 있다는 가능성을 전제로 말한다. 정의로운 사람일수록 저신이 정의의 편이 아닐 수도 있다는 인식을 한다. 자기가 옳다는 생각이 강한 정치인은 위험한 권력자가 될 가능성이 높다.,0,0,2020.06.05. 09:55,0
45,연합뉴스,"애증의 트럼프-매티스, 인종차별 시위 대응 놓고 '쿵' 정면충돌",https://news.naver.com/main/read.nhn?mode=LSD&mid=sec&sid1=104&oid=001&aid=0011656699,매티스를 백악관으로,0,0,2020.06.05. 09:22,0
46,연합뉴스,"애증의 트럼프-매티스, 인종차별 시위 대응 놓고 '쿵' 정면충돌",https://news.naver.com/main/read.nhn?mode=LSD&mid=sec&sid1=104&oid=001&aid=0011656699,"미국 흑인들 보면 인종차별을 없애자는게 아니고 점점 흑인들에게 특권을 줘야한다는 식으로 주장하고 있음. 흑인이 대통령도 하고 오히려 아시아인들과 일부 백인들은 흑인들에게 인종차별 당하고 있는데 그에대한 반성은 전혀없고 오직 흑인들만의 특권을 요구하고있음. 백인들이 수백년간 피와 땀으로 일궈온 백인의 신뢰와 지위를 시위와 폭동, 약탈로 빼앗으려고 함.",2,3,2020.06.05. 04:48,1
47,연합뉴스,"애증의 트럼프-매티스, 인종차별 시위 대응 놓고 '쿵' 정면충돌",https://news.naver.com/main/read.nhn?mode=LSD&mid=sec&sid1=104&oid=001&aid=0011656699,만약에 트럼프 지지율이 곤두박질치고 바이든이 차기대선 거의확실하다면 트럼프가 전쟁이라도 일으켜서 뒤집기 시도할까?  중국이나 만만한 이란?  예측이안되네 ㅋㅋ,0,2,2020.06.05. 01:05,0
48,STN 스포츠,"보르도 황의조, 7일 기초군사훈련 마치고 퇴소",http://sports.news.naver.com/wfootball/news/read.nhn?oid=450&aid=0000063767,"빛의조.. 준비 잘해서 다음시즌엔 10골이상 넣고 좋은데가길,,",3,2,3일 전,0
49,STN 스포츠,"보르도 황의조, 7일 기초군사훈련 마치고 퇴소",http://sports.news.naver.com/wfootball/news/read.nhn?oid=450&aid=0000063767,와..시간 진짜 빠르다,3,1,3일 전,0
50,STN 스포츠,"보르도 황의조, 7일 기초군사훈련 마치고 퇴소",http://sports.news.naver.com/wfootball/news/read.nhn?oid=450&aid=0000063767,황희조선수 홍민쏜선수처럼 레전드까진아니더라도 예비 전설 인정합니다~~,2,3,3일 전,0
51,STN 스포츠,"보르도 황의조, 7일 기초군사훈련 마치고 퇴소",http://sports.news.naver.com/wfootball/news/read.nhn?oid=450&aid=0000063767,멀중가 멀중가,0,1,3일 전,0
52,이데일리,한국군 훈련에 실망해 자리 떴다고?…주한미군 '발끈',https://news.naver.com/main/read.nhn?mode=LSD&mid=sec&sid1=100&oid=018&aid=0004656915,짐작가는 언론사가 있다. 아니 언론사라기보다는 왜구일보,45,5,2020.06.04. 17:47:04,6
53,이데일리,한국군 훈련에 실망해 자리 떴다고?…주한미군 '발끈',https://news.naver.com/main/read.nhn?mode=LSD&mid=sec&sid1=100&oid=018&aid=0004656915,조중동중 어떤 쓰레기 언론일까?,23,18,2020.06.04. 17:44:34,5
54,이데일리,한국군 훈련에 실망해 자리 떴다고?…주한미군 '발끈',https://news.naver.com/main/read.nhn?mode=LSD&mid=sec&sid1=100&oid=018&aid=0004656915,"코로나 때문에 나라망하라고 떠들었던 적폐언론이나, 양국간 동맹을 해치려는 빨갱이 같은 언론들이나 똑같아, 똑같아~~~",6,2,2020.06.04. 17:55:13,0
55,이데일리,한국군 훈련에 실망해 자리 떴다고?…주한미군 '발끈',https://news.naver.com/main/read.nhn?mode=LSD&mid=sec&sid1=100&oid=018&aid=0004656915,가짜 뉴스 싸지르는 기더기덜에게 징벌적 손해배상 할수 있도록 법을 만들어야 한다. 그래야 기더기들 언플질 갑질이 사라질거 같다.,3,1,2020.06.04. 18:13:34,0
56,이데일리,한국군 훈련에 실망해 자리 떴다고?…주한미군 '발끈',https://news.naver.com/main/read.nhn?mode=LSD&mid=sec&sid1=100&oid=018&aid=0004656915,"예의상 하는 말이지... 실제로 훈련을 안하고, 워게임만 졸래 하고 있자나... 문재인 집권하자마자, 수년째 실제 인원과 장비가 대량 동원되는 전투작전 훈련 대부분을 취소하고 있자나... 기실, 북한 눈치본다고 계속 취소시켜왔는데 틀린말이 아니지... 훈련을 안하는데 실력을 어떻게 검증해???",2,0,2020.06.04. 18:09:44,0
57,이데일리,한국군 훈련에 실망해 자리 떴다고?…주한미군 '발끈',https://news.naver.com/main/read.nhn?mode=LSD&mid=sec&sid1=100&oid=018&aid=0004656915,조선인가??,3,2,2020.06.04. 17:47:23,0
58,이데일리,한국군 훈련에 실망해 자리 떴다고?…주한미군 '발끈',https://news.naver.com/main/read.nhn?mode=LSD&mid=sec&sid1=100&oid=018&aid=0004656915,어떻게 말을 씨부려도 그렇게 악의적 발상을할까  하여간 기자라는 인간  참,1,0,2020.06.04. 17:47:56,0
59,이데일리,한국군 훈련에 실망해 자리 떴다고?…주한미군 '발끈',https://news.naver.com/main/read.nhn?mode=LSD&mid=sec&sid1=100&oid=018&aid=0004656915,문화일보네 ㅋㅋ 단독 달고 개소리 써놨네 ㅋㅋㅋ,1,0,2020.06.04. 17:45:44,0
60,이데일리,한국군 훈련에 실망해 자리 떴다고?…주한미군 '발끈',https://news.naver.com/main/read.nhn?mode=LSD&mid=sec&sid1=100&oid=018&aid=0004656915,동맹 이간질하는 반미 선동 언론. 알량한 정파심이 국익보다 중요한 것들. 조중동.,4,4,2020.06.04. 17:46:55,0
61,이데일리,한국군 훈련에 실망해 자리 떴다고?…주한미군 '발끈',https://news.naver.com/main/read.nhn?mode=LSD&mid=sec&sid1=100&oid=018&aid=0004656915,역시 조선일보네..https://news.chosun.com/site/data/html_dir/2020/06/04/2020060400187.html?utm_source=naver&utm_medium=original&utm_campaign=news,1,1,2020.06.04. 18:01:50,1
62,이데일리,한국군 훈련에 실망해 자리 떴다고?…주한미군 '발끈',https://news.naver.com/main/read.nhn?mode=LSD&mid=sec&sid1=100&oid=018&aid=0004656915,미국가서 오지마요.주 방위군 지휘나 하길,0,0,2020.06.05. 18:51:32,0
63,이데일리,한국군 훈련에 실망해 자리 떴다고?…주한미군 '발끈',https://news.naver.com/main/read.nhn?mode=LSD&mid=sec&sid1=100&oid=018&aid=0004656915,똑바로 알고서 보도해라!!장모상 당했는데!!,0,0,2020.06.05. 17:17:11,0
64,이데일리,한국군 훈련에 실망해 자리 떴다고?…주한미군 '발끈',https://news.naver.com/main/read.nhn?mode=LSD&mid=sec&sid1=100&oid=018&aid=0004656915,조중동이나 다름없는 이데일리가 이런기사도 쓰는군요,0,0,2020.06.05. 14:46:49,0
65,이데일리,한국군 훈련에 실망해 자리 떴다고?…주한미군 '발끈',https://news.naver.com/main/read.nhn?mode=LSD&mid=sec&sid1=100&oid=018&aid=0004656915,국방부의 왜곡보도라는 즉각적 해명(?)을 보니 맞나보네. ㅎ 이것들은 맞는 소리엔 꼭 발끈하더라~ ㅋㅋㅋㅋㅋㅋ,0,0,2020.06.05. 01:12:13,0
66,이데일리,한국군 훈련에 실망해 자리 떴다고?…주한미군 '발끈',https://news.naver.com/main/read.nhn?mode=LSD&mid=sec&sid1=100&oid=018&aid=0004656915,당나라 군대가 되어버린지 오랜데 그런 기사 나올만도 하지.전쟁나도 네 발 맞고 분명 실수로 쐈을거야하며 삼십분 후에 쏜다고 깝칠 군대인데... 네 발 먼저 맞았으니 죽었겠군.,0,0,2020.06.04. 23:04:17,0
67,이데일리,한국군 훈련에 실망해 자리 떴다고?…주한미군 '발끈',https://news.naver.com/main/read.nhn?mode=LSD&mid=sec&sid1=100&oid=018&aid=0004656915,어익후 우리 문화일보 조선일보가 부러웠나벼?,0,0,2020.06.04. 21:10:29,0
68,이데일리,한국군 훈련에 실망해 자리 떴다고?…주한미군 '발끈',https://news.naver.com/main/read.nhn?mode=LSD&mid=sec&sid1=100&oid=018&aid=0004656915,ㅎㅎ 미국성님들 이나라 기자없어여. 걍 개소리로 듣고 흘려들으세요,0,0,2020.06.04. 20:59:16,0
69,이데일리,한국군 훈련에 실망해 자리 떴다고?…주한미군 '발끈',https://news.naver.com/main/read.nhn?mode=LSD&mid=sec&sid1=100&oid=018&aid=0004656915,조중동이다.,0,0,2020.06.04. 20:44:48,0
70,매일경제,`예스맨` 美국방 반기들자…트럼프 `軍투입` 멈칫,https://news.naver.com/main/read.nhn?mode=LSD&mid=sec&sid1=104&oid=009&aid=0004589054,트럼프 말라리아 약 부작용으로 정신이 더 이상해 진거같다,8,3,2020.06.04. 18:33,0
71,매일경제,`예스맨` 美국방 반기들자…트럼프 `軍투입` 멈칫,https://news.naver.com/main/read.nhn?mode=LSD&mid=sec&sid1=104&oid=009&aid=0004589054,트럼프는 볼때마다 코미디네 ㅋㅋㅋ 보좌관은 있으나 마나 자기 기분에 따라 대통령질을 하고 있음 ㅋㅋㅋ,4,1,2020.06.04. 18:28,0
72,매일경제,`예스맨` 美국방 반기들자…트럼프 `軍투입` 멈칫,https://news.naver.com/main/read.nhn?mode=LSD&mid=sec&sid1=104&oid=009&aid=0004589054,정규군 투입...정규군 백악관 장악...트럼프 하야,4,2,2020.06.04. 18:45,0
73,매일경제,`예스맨` 美국방 반기들자…트럼프 `軍투입` 멈칫,https://news.naver.com/main/read.nhn?mode=LSD&mid=sec&sid1=104&oid=009&aid=0004589054,이건 맞는 겁니다 국민들의 시위대를 군대를 동원한다는 자체가 국민들하고 전쟁을 하겠다는 풀이되는 것입니다 현재 미국지도자는 국민들을 분열되게 만드는 원인으로 몰고 가는 것이고 단합시키려는 노력이 하나도 없다는 것입니다 여태껏 미국 역대 지도자들의 삶을 살펴보면 국민들을 분열시키는 행동이나 언행을 안 했었습니다 현재 아메리카 대륙은 혼혈인들이 더 많으므로 서로 화합과 단합 단결 시키는 노력해야 좋은 결실이 되고 인종차별이라는 행동자체를 금지하는 특별법을 제정해야 해결할수 있으리라 봅니다 군대동원하는 실수가  없으면 하는 바램입니다,1,1,2020.06.04. 18:15,0
74,매일경제,`예스맨` 美국방 반기들자…트럼프 `軍투입` 멈칫,https://news.naver.com/main/read.nhn?mode=LSD&mid=sec&sid1=104&oid=009&aid=0004589054,역시 미국은 민주주의가 잘 되있다..소신있는 장관들과 군..우리는 모두 깨갱..심지어 북한 노동당의 지시 떨어지면 일사천리..,0,0,2020.06.05. 06:41,0
75,매일경제,`예스맨` 美국방 반기들자…트럼프 `軍투입` 멈칫,https://news.naver.com/main/read.nhn?mode=LSD&mid=sec&sid1=104&oid=009&aid=0004589054,흑인 죽음은 안타까운일이나.. 약탕은 왜합니까... 원시종족도 아니고.... 그게 잘못됬다는거 아닙니까.. 흑인죽음을 빌미로 약탈한다... 정당화 될 수 없습니다. 그리고 기소된 경찰은 무기징역 때려서 미 경찰 공권력에 경종을 울리면 된다 봅니다.,0,0,2020.06.04. 22:47,0
76,오마이뉴스,"""파일만 9천개..."" '만삭 위안부' 영상 첫 발굴 막전 막후",https://news.naver.com/main/read.nhn?mode=LSD&mid=sec&sid1=102&oid=047&aid=0002272093,기사 감사합니다. 잘 읽었습니다. 매우 뜻있는 영상으로 봤습니다.,46,0,2020.06.04. 23:38,0
77,오마이뉴스,"""파일만 9천개..."" '만삭 위안부' 영상 첫 발굴 막전 막후",https://news.naver.com/main/read.nhn?mode=LSD&mid=sec&sid1=102&oid=047&aid=0002272093,이런거 보면 정부나 공무원의 경쟁력은 민간업체보다 100분의1도 않되는거 같다. 정부 공무원이라고 목아지 힘은 엄청주고 다니면서..ㅉㅉㅉ,15,1,2020.06.05. 01:03,0
78,오마이뉴스,"""파일만 9천개..."" '만삭 위안부' 영상 첫 발굴 막전 막후",https://news.naver.com/main/read.nhn?mode=LSD&mid=sec&sid1=102&oid=047&aid=0002272093,일ㆍ본ㆍ놈ㆍ들 ㆍㆍㆍㆍㆍㆍ이가 갈린다.  천벌 내린다.  일본의 종말도 멀지 않았다,12,2,2020.06.05. 05:36,0
79,오마이뉴스,"""파일만 9천개..."" '만삭 위안부' 영상 첫 발굴 막전 막후",https://news.naver.com/main/read.nhn?mode=LSD&mid=sec&sid1=102&oid=047&aid=0002272093,다시는 이런 치욕적인 범죄는 일어나서 안됩니다 전쟁은 서민을 위한것이 아니라 잘먹고 달사는 것들이 사람들을  이념분열 여성 남성 차별 분열 장애인 차별 분열 인종차별 성소수자 차별분열등 사람들을 서로 분열시켜 지들 잇속만 챙기려는 무기상들이 일으키는거다 다시는 이런 전쟁이 없어야 하며 서로 사랑하고 배려하는 사회가 되어야 한다  이세상엔 어떤차별도 존재하지 않아야 한다,10,0,2020.06.05. 06:32,0
80,오마이뉴스,"""파일만 9천개..."" '만삭 위안부' 영상 첫 발굴 막전 막후",https://news.naver.com/main/read.nhn?mode=LSD&mid=sec&sid1=102&oid=047&aid=0002272093,다른사람의 아픔을 당해보지 않은 사람이 함부로 말하지말구 그걸 불순한 이유로 이용하지마라. 그런 인간들좀 걸러내자,7,0,2020.06.05. 03:47,0
81,오마이뉴스,"""파일만 9천개..."" '만삭 위안부' 영상 첫 발굴 막전 막후",https://news.naver.com/main/read.nhn?mode=LSD&mid=sec&sid1=102&oid=047&aid=0002272093,무엇보다 역사적이고 대단한 일이네요 감사합니다 영상과 보도의 힘이 무엇인지 다시금 생각하게 되었습니다,1,0,2020.06.05. 06:14,0
82,오마이뉴스,"""파일만 9천개..."" '만삭 위안부' 영상 첫 발굴 막전 막후",https://news.naver.com/main/read.nhn?mode=LSD&mid=sec&sid1=102&oid=047&aid=0002272093,감사합니다!,1,0,2020.06.05. 04:27,0
83,오마이뉴스,"""파일만 9천개..."" '만삭 위안부' 영상 첫 발굴 막전 막후",https://news.naver.com/main/read.nhn?mode=LSD&mid=sec&sid1=102&oid=047&aid=0002272093,마음이 아프네요...,1,0,2020.06.05. 01:00,0
84,오마이뉴스,"""파일만 9천개..."" '만삭 위안부' 영상 첫 발굴 막전 막후",https://news.naver.com/main/read.nhn?mode=LSD&mid=sec&sid1=102&oid=047&aid=0002272093,많이 알려졌으면 좋겠어요!!!!,0,0,2020.06.05. 20:32,0
85,오마이뉴스,"""파일만 9천개..."" '만삭 위안부' 영상 첫 발굴 막전 막후",https://news.naver.com/main/read.nhn?mode=LSD&mid=sec&sid1=102&oid=047&aid=0002272093,우리 모두 역사를 바로알아야 합니다. 그래서 다시는 이러한 슬픈 역사가 되풀이 되지 않게 해야합니다. 위안부 피해자 할머니들의 아픈 역사를 기억하고 잊지 않아야 합니다. 가장 무서운 것은 기억 왜곡입니다. 일본이 지금 말도 안되는 이야기들을 내놓고 있지만 우리는 그들의 말을 들어선 안됩니다. 사과를 받고 그로인해 돌아가신 위안부 피해자 할머니들이 편히 위에서 쉬기를 바랍니다.,0,0,2020.06.05. 16:31,0
86,오마이뉴스,"""파일만 9천개..."" '만삭 위안부' 영상 첫 발굴 막전 막후",https://news.naver.com/main/read.nhn?mode=LSD&mid=sec&sid1=102&oid=047&aid=0002272093,드러운 왜놈 새끼들  경제침략 또 하고 있네..여군 의무화 하면 이런일이 생길까??,0,0,2020.06.05. 12:04,0
87,오마이뉴스,"""파일만 9천개..."" '만삭 위안부' 영상 첫 발굴 막전 막후",https://news.naver.com/main/read.nhn?mode=LSD&mid=sec&sid1=102&oid=047&aid=0002272093,저 어린소녀가 가엽네요 얼마나 고통스러웠을까,0,0,2020.06.05. 09:00,0
88,오마이뉴스,"""파일만 9천개..."" '만삭 위안부' 영상 첫 발굴 막전 막후",https://news.naver.com/main/read.nhn?mode=LSD&mid=sec&sid1=102&oid=047&aid=0002272093,아  이개만도 못한것들하나님  친일파들을  싸그리  짖이겨 맷돌에 쳐넣어주세요일본 후쿠시마 방폐장으로  가둬주세요,0,0,2020.06.05. 06:57,0
89,오마이뉴스,"""파일만 9천개..."" '만삭 위안부' 영상 첫 발굴 막전 막후",https://news.naver.com/main/read.nhn?mode=LSD&mid=sec&sid1=102&oid=047&aid=0002272093,감사해요 하나님이두렵지 않다면 일본놈들처럼  계속  매국 노 친일 친일  이영훈처럼 부르짖어라 개처럼네 자녀들도 개가될지어다 하나님이 두렵지 않니 유석춘 이영훈이개만도못한  것들아  하나님께서  일본애들한테 돈받은것 다  암덩어리로  온몸이  비틀어지리라 그돈받고어찌 나라의정신을  흐리려하니,0,0,2020.06.05. 06:55,0
90,오마이뉴스,"""파일만 9천개..."" '만삭 위안부' 영상 첫 발굴 막전 막후",https://news.naver.com/main/read.nhn?mode=LSD&mid=sec&sid1=102&oid=047&aid=0002272093,정부주도로  역사의 진실을 반드시 밝혀야 내야합니다,0,0,2020.06.05. 05:57,0
91,오마이뉴스,"""파일만 9천개..."" '만삭 위안부' 영상 첫 발굴 막전 막후",https://news.naver.com/main/read.nhn?mode=LSD&mid=sec&sid1=102&oid=047&aid=0002272093,모든 언론매체를 이용하여 세계에 널리 알려라,0,0,2020.06.05. 02:37,0
92,오마이뉴스,"""파일만 9천개..."" '만삭 위안부' 영상 첫 발굴 막전 막후",https://news.naver.com/main/read.nhn?mode=LSD&mid=sec&sid1=102&oid=047&aid=0002272093,그런데 일본군 위안부 낙태 시술(물리적 낙태)까지 강제로 했다고 한 것 같은데 만삭이 될 수가 있나? 제대로 된 낙태 시술이 아니라 죽은 여성도 많다고 그런데 매일 여러 남자를 상대하는 여성이 어떻게 만삭이 될 수 있는가? 궁금하네,1,2,2020.06.05. 07:57,0
93,오마이뉴스,"""파일만 9천개..."" '만삭 위안부' 영상 첫 발굴 막전 막후",https://news.naver.com/main/read.nhn?mode=LSD&mid=sec&sid1=102&oid=047&aid=0002272093,일본을지지한다 일본 만세 일본국민으로 살고싶다,0,2,2020.06.05. 07:22,2
94,오마이뉴스,"""파일만 9천개..."" '만삭 위안부' 영상 첫 발굴 막전 막후",https://news.naver.com/main/read.nhn?mode=LSD&mid=sec&sid1=102&oid=047&aid=0002272093,"국가는 당연하고, 윤미향이 이끄는 정의연도 이런것을 할려고 모금하고 그러는거 아닌가?",3,7,2020.06.04. 23:12,1
95,인터풋볼,"'군복이 잘 어울려'...황의조, 4일 기초군사훈련 수료",http://sports.news.naver.com/wfootball/news/read.nhn?oid=413&aid=0000100765,아시안게임에서 역대급 활약을 했던 황의조 선수님 멋지십니다! 별탈 없이 군사훈련 마치신거 축하드리고 건강관리 잘 하시고 팀으로 복귀해서 활약해주세요! 항상 응원하고 열렬한 팬입니다!!,635,15,3일 전,21
96,인터풋볼,"'군복이 잘 어울려'...황의조, 4일 기초군사훈련 수료",http://sports.news.naver.com/wfootball/news/read.nhn?oid=413&aid=0000100765,황으조 표정 매번 한결같이 뭔가 웃음 참고있는 얼굴같음 ㅋㅋㅋㅋㅋ 개귀엽,480,21,3일 전,18
97,인터풋볼,"'군복이 잘 어울려'...황의조, 4일 기초군사훈련 수료",http://sports.news.naver.com/wfootball/news/read.nhn?oid=413&aid=0000100765,의조 선수 화이팅,104,9,3일 전,4
98,인터풋볼,"'군복이 잘 어울려'...황의조, 4일 기초군사훈련 수료",http://sports.news.naver.com/wfootball/news/read.nhn?oid=413&aid=0000100765,더웠겠다 고생많았겠네,72,11,3일 전,16
99,인터풋볼,"'군복이 잘 어울려'...황의조, 4일 기초군사훈련 수료",http://sports.news.naver.com/wfootball/news/read.nhn?oid=413&aid=0000100765,의조 전역 축하!!,72,24,3일 전,7
100,인터풋볼,"'군복이 잘 어울려'...황의조, 4일 기초군사훈련 수료",http://sports.news.naver.com/wfootball/news/read.nhn?oid=413&aid=0000100765,4주가 빠르긴 하네,35,18,3일 전,9
101,인터풋볼,"'군복이 잘 어울려'...황의조, 4일 기초군사훈련 수료",http://sports.news.naver.com/wfootball/news/read.nhn?oid=413&aid=0000100765,군부대마다 꼭한명  씩있는 중사(진)포스네,22,7,3일 전,0
102,인터풋볼,"'군복이 잘 어울려'...황의조, 4일 기초군사훈련 수료",http://sports.news.naver.com/wfootball/news/read.nhn?oid=413&aid=0000100765,4일 기초 훈련은 뭐냐?,22,28,3일 전,2
103,인터풋볼,"'군복이 잘 어울려'...황의조, 4일 기초군사훈련 수료",http://sports.news.naver.com/wfootball/news/read.nhn?oid=413&aid=0000100765,손흥민 군대 면제받게 해준 1등공신,19,22,3일 전,3
104,인터풋볼,"'군복이 잘 어울려'...황의조, 4일 기초군사훈련 수료",http://sports.news.naver.com/wfootball/news/read.nhn?oid=413&aid=0000100765,여자문제.. 할만하않..,19,24,3일 전,2
105,인터풋볼,"'군복이 잘 어울려'...황의조, 4일 기초군사훈련 수료",http://sports.news.naver.com/wfootball/news/read.nhn?oid=413&aid=0000100765,김학범 아니었음 2년 빼박이었는데 완전 은인이네~~,15,6,3일 전,0
106,인터풋볼,"'군복이 잘 어울려'...황의조, 4일 기초군사훈련 수료",http://sports.news.naver.com/wfootball/news/read.nhn?oid=413&aid=0000100765,황의조 대박나시길 바랍니다,11,4,3일 전,0
107,인터풋볼,"'군복이 잘 어울려'...황의조, 4일 기초군사훈련 수료",http://sports.news.naver.com/wfootball/news/read.nhn?oid=413&aid=0000100765,저렇게보니까 그냥 흔한 이등병같아보이네ㅋㅋ,10,7,3일 전,0
108,인터풋볼,"'군복이 잘 어울려'...황의조, 4일 기초군사훈련 수료",http://sports.news.naver.com/wfootball/news/read.nhn?oid=413&aid=0000100765,이 듣보는 누구임. 입대한지도 몰랐는데 제대한닥ㅎ?,9,8,3일 전,1
109,인터풋볼,"'군복이 잘 어울려'...황의조, 4일 기초군사훈련 수료",http://sports.news.naver.com/wfootball/news/read.nhn?oid=413&aid=0000100765,잘 어울리는건 우리 흥이지!!!  손흥민!!!!,7,7,3일 전,0
110,인터풋볼,"'군복이 잘 어울려'...황의조, 4일 기초군사훈련 수료",http://sports.news.naver.com/wfootball/news/read.nhn?oid=413&aid=0000100765,이런 선수들에게는 병역 면제가 아깝지 않다.. 하지만 kbo에 있는 몇몇 선수들은 아깝다 너무 아깝다..,7,2,3일 전,0
111,인터풋볼,"'군복이 잘 어울려'...황의조, 4일 기초군사훈련 수료",http://sports.news.naver.com/wfootball/news/read.nhn?oid=413&aid=0000100765,갓의조.. 아니 '황'의조 그 자체다,7,11,3일 전,0
112,인터풋볼,"'군복이 잘 어울려'...황의조, 4일 기초군사훈련 수료",http://sports.news.naver.com/wfootball/news/read.nhn?oid=413&aid=0000100765,수많은 선수들을 군면제시킨 장본인.... 훈련은 조용히 받고 오네..... 영웅이다.,6,1,3일 전,0
113,인터풋볼,"'군복이 잘 어울려'...황의조, 4일 기초군사훈련 수료",http://sports.news.naver.com/wfootball/news/read.nhn?oid=413&aid=0000100765,아시안게임기간동안  정말 크게 활약해서 놀라웠다 뭔가 유려하고 가볍고  드리블렝 잘치고 런 타입도 아닌것같은데 골냄새하나 기가막히게 때려넣는타입 중간중간 놀라운골도 있고,6,2,3일 전,0
114,인터풋볼,"'군복이 잘 어울려'...황의조, 4일 기초군사훈련 수료",http://sports.news.naver.com/wfootball/news/read.nhn?oid=413&aid=0000100765,진짜 군인처럼생겼네ㅎ 갓의조 앞으로도 쭉~~~~~~~~ 흥해라~!,6,2,3일 전,0
115,서울신문,군인권센터 “현충원에 친일군인 56명”…명단엔 박정희도,https://news.naver.com/main/read.nhn?mode=LSD&mid=sec&sid1=102&oid=081&aid=0003096325,군대 안 다녀온 군인권센터사 할 말은 아니지,70,3,2020.06.04. 16:58,2
116,서울신문,군인권센터 “현충원에 친일군인 56명”…명단엔 박정희도,https://news.naver.com/main/read.nhn?mode=LSD&mid=sec&sid1=102&oid=081&aid=0003096325,그렇게 따지면 518유공자중에서도 빨갱이들은 다 빼라,50,6,2020.06.04. 17:02,4
117,서울신문,군인권센터 “현충원에 친일군인 56명”…명단엔 박정희도,https://news.naver.com/main/read.nhn?mode=LSD&mid=sec&sid1=102&oid=081&aid=0003096325,친북놈들 묘도 파묘해라.,28,1,2020.06.04. 17:06,3
118,서울신문,군인권센터 “현충원에 친일군인 56명”…명단엔 박정희도,https://news.naver.com/main/read.nhn?mode=LSD&mid=sec&sid1=102&oid=081&aid=0003096325,박정희까지 건드리네 기자처돌았네 진짜,30,9,2020.06.04. 17:09,5
119,서울신문,군인권센터 “현충원에 친일군인 56명”…명단엔 박정희도,https://news.naver.com/main/read.nhn?mode=LSD&mid=sec&sid1=102&oid=081&aid=0003096325,너희 좌익넘들 십만명을 합쳐도 박정희 대통령의 공적에 근처도 못미친다....한강의 기적을 3년만에 말마먹은 사악한 악의 무리들..,9,3,2020.06.04. 17:03,0
120,서울신문,군인권센터 “현충원에 친일군인 56명”…명단엔 박정희도,https://news.naver.com/main/read.nhn?mode=LSD&mid=sec&sid1=102&oid=081&aid=0003096325,아... 진짜... 나라가 온통 정신병 걸린거 같다... 두 번 다시는 경험하고 싶지 않은 나라.. 문재앙과 개돼지들의 나라.,6,0,2020.06.04. 17:26,0
121,서울신문,군인권센터 “현충원에 친일군인 56명”…명단엔 박정희도,https://news.naver.com/main/read.nhn?mode=LSD&mid=sec&sid1=102&oid=081&aid=0003096325,임태훈은 군대도 고의로 안가고 ㆍ 도대처 국가 위해 한 일이 뭔가?   박정희 발꿈치 때만도 못한 것이~~,5,0,2020.06.04. 17:21,0
122,서울신문,군인권센터 “현충원에 친일군인 56명”…명단엔 박정희도,https://news.naver.com/main/read.nhn?mode=LSD&mid=sec&sid1=102&oid=081&aid=0003096325,김대중이 묘도 파묘해라,4,0,2020.06.04. 17:29,1
123,서울신문,군인권센터 “현충원에 친일군인 56명”…명단엔 박정희도,https://news.naver.com/main/read.nhn?mode=LSD&mid=sec&sid1=102&oid=081&aid=0003096325,친일출신 유공자 / 독립군출신 유공자 / 사회주의 독립군 / 자유주의 독립군 구역을 나눠서 묻읍시다 차라리,4,1,2020.06.04. 17:00,2
124,서울신문,군인권센터 “현충원에 친일군인 56명”…명단엔 박정희도,https://news.naver.com/main/read.nhn?mode=LSD&mid=sec&sid1=102&oid=081&aid=0003096325,군인권센터 있는 아저씨 아줌마들 전부 조상들 밝혀보자.. 도대체 무슨 사람이었는지..,3,0,2020.06.04. 17:37,0
125,서울신문,군인권센터 “현충원에 친일군인 56명”…명단엔 박정희도,https://news.naver.com/main/read.nhn?mode=LSD&mid=sec&sid1=102&oid=081&aid=0003096325,"대깨들 선거 이겼으니 하고 싶은거 다 해라. 그리고 보수 정권 잡으면 하고 싶은거 다하고.. 승자가 패자를 처절하게 까는 보복정치, 숙청정치 정착시켜라.. 한민족 어디까지 서로를 할퀴면서 지구상에서 씨가 마르는지 보자",3,1,2020.06.04. 17:04,0
126,서울신문,군인권센터 “현충원에 친일군인 56명”…명단엔 박정희도,https://news.naver.com/main/read.nhn?mode=LSD&mid=sec&sid1=102&oid=081&aid=0003096325,군인권센터 니들 뭐하는 단체냐? 군대는 갔다왔나? 궁금하다.,3,1,2020.06.04. 17:02,1
127,서울신문,군인권센터 “현충원에 친일군인 56명”…명단엔 박정희도,https://news.naver.com/main/read.nhn?mode=LSD&mid=sec&sid1=102&oid=081&aid=0003096325,문재인이의 발악인가? 이젠 단체까지 릴레이 등장하며 군불떼기하네.  대통령이  중심 좀 잡아라.,2,0,2020.06.04. 17:58,0
128,서울신문,군인권센터 “현충원에 친일군인 56명”…명단엔 박정희도,https://news.naver.com/main/read.nhn?mode=LSD&mid=sec&sid1=102&oid=081&aid=0003096325,군인권 센타가 이젠 친일청산도 하냐?이참에 인주당 일왕 귀족작위 받은 가문도 공론화 해봐라!,2,0,2020.06.04. 17:45,0
129,서울신문,군인권센터 “현충원에 친일군인 56명”…명단엔 박정희도,https://news.naver.com/main/read.nhn?mode=LSD&mid=sec&sid1=102&oid=081&aid=0003096325,도요타 다이쥬  김대중이는??????,2,0,2020.06.04. 17:19,0
130,서울신문,군인권센터 “현충원에 친일군인 56명”…명단엔 박정희도,https://news.naver.com/main/read.nhn?mode=LSD&mid=sec&sid1=102&oid=081&aid=0003096325,"하는 김에 현충원에 뭍혀있는 유공자들 사상 검증 다 해서, 친일인사들 뿐아니라 친북, 친중, 친러 인사들 모두 발라내고 걸리면 파묘.. 됐냐?",3,2,2020.06.04. 17:15,0
131,서울신문,군인권센터 “현충원에 친일군인 56명”…명단엔 박정희도,https://news.naver.com/main/read.nhn?mode=LSD&mid=sec&sid1=102&oid=081&aid=0003096325,태어났을때 일본령 조선반도였는데.  시대상황을 생각해야지. 너네 원내대표 중추원 참의 이런 애들이 진짜 악질 친일파잖아.,1,0,2020.06.04. 17:44,0
132,뉴스1,"논산 입소했던 축구대표팀 공격수 황의조, 기초훈련 마치고 4일 퇴소",http://sports.news.naver.com/wfootball/news/read.nhn?oid=421&aid=0004677683,군복 진짜 잘어울린다,19,2,3일 전,0
133,뉴스1,"논산 입소했던 축구대표팀 공격수 황의조, 기초훈련 마치고 4일 퇴소",http://sports.news.naver.com/wfootball/news/read.nhn?oid=421&aid=0004677683,황의조가 캐리했는데 황의조는 4주훈련 손흥민은 3주훈련ㅋㅋㅋㅋ 게다가 그 3주에 황금연휴껴있었지 ㅋㅋㅋㅋㅋㅋㅋㅋ,5,8,3일 전,4
134,뉴스1,"논산 입소했던 축구대표팀 공격수 황의조, 기초훈련 마치고 4일 퇴소",http://sports.news.naver.com/wfootball/news/read.nhn?oid=421&aid=0004677683,수료식 했으면 늠름한 사진도 많이 떴을텐데 아쉽군,4,1,3일 전,0
135,뉴스1,"논산 입소했던 축구대표팀 공격수 황의조, 기초훈련 마치고 4일 퇴소",http://sports.news.naver.com/wfootball/news/read.nhn?oid=421&aid=0004677683,손 위치 다소곳...,4,3,3일 전,0
136,뉴스1,"논산 입소했던 축구대표팀 공격수 황의조, 기초훈련 마치고 4일 퇴소",http://sports.news.naver.com/wfootball/news/read.nhn?oid=421&aid=0004677683,사진 ㅋㅋ,4,1,3일 전,0
137,뉴스1,"논산 입소했던 축구대표팀 공격수 황의조, 기초훈련 마치고 4일 퇴소",http://sports.news.naver.com/wfootball/news/read.nhn?oid=421&aid=0004677683,SNS로 성범죄 한것이나 다름없는 인간,1,3,3일 전,0
138,뉴스1,"논산 입소했던 축구대표팀 공격수 황의조, 기초훈련 마치고 4일 퇴소",http://sports.news.naver.com/wfootball/news/read.nhn?oid=421&aid=0004677683,언제 갔냐 몰랐다,1,5,3일 전,0
139,뉴스1,"논산 입소했던 축구대표팀 공격수 황의조, 기초훈련 마치고 4일 퇴소",http://sports.news.naver.com/wfootball/news/read.nhn?oid=421&aid=0004677683,ㆍ,0,0,3일 전,0
140,뉴시스,'해군 제독 아들에게 돌아온 아버지의 무공훈장',https://news.naver.com/main/read.nhn?mode=LSD&mid=sec&sid1=100&oid=003&aid=0009898412,"참으로멋지고 훌륭합니다존경을 표합니다..,,^^화랑무공훈장을받고 늘 명예롭게 자부심을가지고계시던지금은대전현충원에계시는 친정아버지가 더 그립고생각나네요~~",3,0,2020.06.04. 20:06:25,0
141,연합뉴스,"중국, '대만겨냥' 연쇄 실탄훈련…상륙작전·미사일 대응훈련도",https://news.naver.com/main/read.nhn?mode=LSD&mid=sec&sid1=104&oid=001&aid=0011656304,짱퀴몰살,47,7,2020.06.04. 16:21,2
142,연합뉴스,"중국, '대만겨냥' 연쇄 실탄훈련…상륙작전·미사일 대응훈련도",https://news.naver.com/main/read.nhn?mode=LSD&mid=sec&sid1=104&oid=001&aid=0011656304,진짜 중국은 전세계적으로 고립시켜야한다.손해보는게 있더라도 그것밖에 방법이 없는것같다.,25,2,2020.06.04. 18:55,0
143,연합뉴스,"중국, '대만겨냥' 연쇄 실탄훈련…상륙작전·미사일 대응훈련도",https://news.naver.com/main/read.nhn?mode=LSD&mid=sec&sid1=104&oid=001&aid=0011656304,중국이 제정신이 아니구나.... 미국 폭동에서 잡힌 대사관관련 중국인들이 허다하고 심지어 중국어가 녹음된 동영상까지 확보되었는데... 이제는 군사훈련까지... 폭주하는 걸 보니 뭔가 다급한 모양이네...,14,8,2020.06.04. 16:28,2
144,연합뉴스,"중국, '대만겨냥' 연쇄 실탄훈련…상륙작전·미사일 대응훈련도",https://news.naver.com/main/read.nhn?mode=LSD&mid=sec&sid1=104&oid=001&aid=0011656304,좀 살만하니 이제 인구좀 줄여보려고 용을 쓰는구나.‥,6,1,2020.06.04. 17:50,0
145,연합뉴스,"중국, '대만겨냥' 연쇄 실탄훈련…상륙작전·미사일 대응훈련도",https://news.naver.com/main/read.nhn?mode=LSD&mid=sec&sid1=104&oid=001&aid=0011656304,지구상에서 암적인 존재 중국과북한을 완전 전멸시킬수있는 방법은 없을까??~~~~~,6,3,2020.06.04. 17:00,0
146,연합뉴스,"중국, '대만겨냥' 연쇄 실탄훈련…상륙작전·미사일 대응훈련도",https://news.naver.com/main/read.nhn?mode=LSD&mid=sec&sid1=104&oid=001&aid=0011656304,내가대만총통이면핵만들었겠다질러버려차이잉원총통,2,0,2020.06.05. 00:03,0
147,연합뉴스,"중국, '대만겨냥' 연쇄 실탄훈련…상륙작전·미사일 대응훈련도",https://news.naver.com/main/read.nhn?mode=LSD&mid=sec&sid1=104&oid=001&aid=0011656304,우리도 남일이 아니라 슬프다 우리순서가 오겠지,2,1,2020.06.04. 19:51,0
148,연합뉴스,"중국, '대만겨냥' 연쇄 실탄훈련…상륙작전·미사일 대응훈련도",https://news.naver.com/main/read.nhn?mode=LSD&mid=sec&sid1=104&oid=001&aid=0011656304,전쟁하면 북경 상하이 불바다....,1,0,2020.06.05. 06:57,0
149,연합뉴스,"중국, '대만겨냥' 연쇄 실탄훈련…상륙작전·미사일 대응훈련도",https://news.naver.com/main/read.nhn?mode=LSD&mid=sec&sid1=104&oid=001&aid=0011656304,그냥전쟁하자 인생살기도싫은데,2,2,2020.06.04. 22:01,0
150,연합뉴스,"중국, '대만겨냥' 연쇄 실탄훈련…상륙작전·미사일 대응훈련도",https://news.naver.com/main/read.nhn?mode=LSD&mid=sec&sid1=104&oid=001&aid=0011656304,영화에선 가장 강한 모습. 현실에서는 아직까진 ... 기대 할께 장풍으로 항공모함 날려버리는 대륙의 호쾌함,0,0,2020.06.05. 12:15,0
151,연합뉴스,"중국, '대만겨냥' 연쇄 실탄훈련…상륙작전·미사일 대응훈련도",https://news.naver.com/main/read.nhn?mode=LSD&mid=sec&sid1=104&oid=001&aid=0011656304,이기회에 연합군으로 공산당 말살하자.그게 전세계가 사는길이다.,0,0,2020.06.05. 11:40,0
152,연합뉴스,"중국, '대만겨냥' 연쇄 실탄훈련…상륙작전·미사일 대응훈련도",https://news.naver.com/main/read.nhn?mode=LSD&mid=sec&sid1=104&oid=001&aid=0011656304,군사력믿고날뛰는데 소련이어떻게됬나생각을해봐라,0,0,2020.06.05. 10:57,0
153,연합뉴스,"중국, '대만겨냥' 연쇄 실탄훈련…상륙작전·미사일 대응훈련도",https://news.naver.com/main/read.nhn?mode=LSD&mid=sec&sid1=104&oid=001&aid=0011656304,중국이 대만침공해서 만약 정복하면 어떻게 되는건가요? 끝? 아니면 미국연합군이 끝까지탈환? 요즘 국가들간 문제가 많아 큰일이네요,0,0,2020.06.05. 07:45,0
154,연합뉴스,"중국, '대만겨냥' 연쇄 실탄훈련…상륙작전·미사일 대응훈련도",https://news.naver.com/main/read.nhn?mode=LSD&mid=sec&sid1=104&oid=001&aid=0011656304,붙어라,0,0,2020.06.05. 06:13,0
155,연합뉴스,"중국, '대만겨냥' 연쇄 실탄훈련…상륙작전·미사일 대응훈련도",https://news.naver.com/main/read.nhn?mode=LSD&mid=sec&sid1=104&oid=001&aid=0011656304,중국이 점점 할 수 있는게 무력 충돌 밖에 없을것 같다...하아... 왜 우리 주변에서 ㅡㅡ ... 만약 전쟁 하려면 니들끼리 저기 태평양 한가운데서 싸워 줄래??,0,0,2020.06.05. 05:56,0
156,머니투데이,"""법사위 '왕좌' 누가 앉을까""…여야 상임위長 후보군 살펴보니",https://news.naver.com/main/read.nhn?mode=LSD&mid=sec&sid1=100&oid=008&aid=0004420021,후보군 비교에 뭔 의미가 있나 민주당이 양보안하면 결과는 정해졌는데,0,0,2020.06.04. 20:11,0
157,머니투데이,"""법사위 '왕좌' 누가 앉을까""…여야 상임위長 후보군 살펴보니",https://news.naver.com/main/read.nhn?mode=LSD&mid=sec&sid1=100&oid=008&aid=0004420021,김기현은 서울대 법대 석사 판사출신이고 실컷 처먹고 외상이나 하는 박범계는 연세대 법대 학사 판사출신인데 여러모로 보나 학벌이 한수위인 김기현이 법사위원장으로 적합하네요.,1,3,2020.06.04. 17:32,0
158,머니투데이,"""법사위 '왕좌' 누가 앉을까""…여야 상임위長 후보군 살펴보니",https://news.naver.com/main/read.nhn?mode=LSD&mid=sec&sid1=100&oid=008&aid=0004420021,참내~ 김기현은 뭐냐??,0,0,2020.06.04. 16:29,0
159,머니투데이,"""법사위 '왕좌' 누가 앉을까""…여야 상임위長 후보군 살펴보니",https://news.naver.com/main/read.nhn?mode=LSD&mid=sec&sid1=100&oid=008&aid=0004420021,"더불어 민주당에 인물이 넘 없네....서영교 '바바리맨' 지인 아들 ""벌금형으로 해달라"" 재판청탁 의혹 박광온 '보좌관 4박5일 밤샘대기’로 21대 ‘1호 법안’ 제출 보좌관 갑질 의원....3선 인데 해명이“세세하게 몰랐다"" 그럼 당신은 무능력자야...서영교 비리 국회의원....박광온 갑질&무능력자...이런 사람이 위원장.....개 똥 같은 소리 하네.....포기 하세요....",1,1,2020.06.04. 16:27,0
160,머니투데이,"""법사위 '왕좌' 누가 앉을까""…여야 상임위長 후보군 살펴보니",https://news.naver.com/main/read.nhn?mode=LSD&mid=sec&sid1=100&oid=008&aid=0004420021,민주당 절대 양보하지마세요 양보하라고 180석 만들어준거 아니에요 제발 끌려다니지 마세요,6,3,2020.06.04. 16:24,0
161,머니투데이,"""법사위 '왕좌' 누가 앉을까""…여야 상임위長 후보군 살펴보니",https://news.naver.com/main/read.nhn?mode=LSD&mid=sec&sid1=100&oid=008&aid=0004420021,민주당 코로나를 잘 극복하라고 정부밀어주기위해 민주당 177석 만든거다 지금은 전시 수준으로 모든 정책의 신속성이 필요하다  지금 정권에 힘은 역사에 실패한 무능 정권이냐 역사를 빛낼 정권이 되는냐다 그만큼 책입을 지어야 한다  국민의 힘 잘 슬기롭게 써라  아님 부메랑이 되어 민주당 파멸이다,0,2,2020.06.04. 16:20,0
162,머니투데이,"""법사위 '왕좌' 누가 앉을까""…여야 상임위長 후보군 살펴보니",https://news.naver.com/main/read.nhn?mode=LSD&mid=sec&sid1=100&oid=008&aid=0004420021,온가족의 국개화. 써영꾜,0,1,2020.06.04. 15:55,0
163,머니투데이,"""법사위 '왕좌' 누가 앉을까""…여야 상임위長 후보군 살펴보니",https://news.naver.com/main/read.nhn?mode=LSD&mid=sec&sid1=100&oid=008&aid=0004420021,줄생각도없을듯한데,0,0,2020.06.04. 15:44,0
164,머니투데이,"""법사위 '왕좌' 누가 앉을까""…여야 상임위長 후보군 살펴보니",https://news.naver.com/main/read.nhn?mode=LSD&mid=sec&sid1=100&oid=008&aid=0004420021,통합당에 상임위 주면 절대 안됨.나라발전에 장애물인 당이 위원장되면 과거로 돌아감.통합당은 박멸해야 대한민국 건전하고 회충 없어짐.,8,2,2020.06.04. 15:43,3
165,머니투데이,"""법사위 '왕좌' 누가 앉을까""…여야 상임위長 후보군 살펴보니",https://news.naver.com/main/read.nhn?mode=LSD&mid=sec&sid1=100&oid=008&aid=0004420021,미친통합당 김기현이가 법사위원장??!! 개 풀뜯어처먹는 소리하구있네!!! 저놈은 조만간 피고인석에 앉아 재판을 받고 교도소에 가있을 놈일뿐이야!!!,6,3,2020.06.04. 15:42,0
166,머니투데이,"""법사위 '왕좌' 누가 앉을까""…여야 상임위長 후보군 살펴보니",https://news.naver.com/main/read.nhn?mode=LSD&mid=sec&sid1=100&oid=008&aid=0004420021,떡줄놈은 생각도 없는데 김치국물은 오지게 처먹으려고 하네.... 어이 덜떨어진 기더기선생. 이제 정신 좀 차리슈.,2,1,2020.06.04. 15:39,0
167,머니투데이,"""법사위 '왕좌' 누가 앉을까""…여야 상임위長 후보군 살펴보니",https://news.naver.com/main/read.nhn?mode=LSD&mid=sec&sid1=100&oid=008&aid=0004420021,김기현 김도읍되면 버럭 여상규 2탄 이다,5,0,2020.06.04. 15:36,0
168,머니투데이,"""법사위 '왕좌' 누가 앉을까""…여야 상임위長 후보군 살펴보니",https://news.naver.com/main/read.nhn?mode=LSD&mid=sec&sid1=100&oid=008&aid=0004420021,미통당에 양보하지말고 줄생각도 하지말고 그냥 독점해라그러라고 과반석 만들어준거다괜한 동료의식 가지고 양보해주면 다음 선거때 니들도 끝이야,4,0,2020.06.04. 15:36,0
169,스포탈코리아,"황의조, 4주 기초군사훈련 마치고 4일 퇴소",http://sports.news.naver.com/wfootball/news/read.nhn?oid=139&aid=0002133814,잘 가다가 마지막에 황영조는 뭐야 ㅋㅋㅋ,49,1,3일 전,7
170,스포탈코리아,"황의조, 4주 기초군사훈련 마치고 4일 퇴소",http://sports.news.naver.com/wfootball/news/read.nhn?oid=139&aid=0002133814,황의조 화이팅,13,1,3일 전,0
171,스포탈코리아,"황의조, 4주 기초군사훈련 마치고 4일 퇴소",http://sports.news.naver.com/wfootball/news/read.nhn?oid=139&aid=0002133814,오타...황영조 아니고 황의조에요..,11,3,3일 전,2
172,스포탈코리아,"황의조, 4주 기초군사훈련 마치고 4일 퇴소",http://sports.news.naver.com/wfootball/news/read.nhn?oid=139&aid=0002133814,손흥민 평생의 은인,11,15,3일 전,6
173,스포탈코리아,"황의조, 4주 기초군사훈련 마치고 4일 퇴소",http://sports.news.naver.com/wfootball/news/read.nhn?oid=139&aid=0002133814,부럽다,7,1,3일 전,0
174,스포탈코리아,"황의조, 4주 기초군사훈련 마치고 4일 퇴소",http://sports.news.naver.com/wfootball/news/read.nhn?oid=139&aid=0002133814,황의조 선수가 퇴소해도 리버풀 리그우승은 아직도 0회인거죠?,7,10,3일 전,0
175,스포탈코리아,"황의조, 4주 기초군사훈련 마치고 4일 퇴소",http://sports.news.naver.com/wfootball/news/read.nhn?oid=139&aid=0002133814,난 이게 오타라고 생각하지 않는다 기자의 꺠알 드립스,5,6,3일 전,0
176,스포탈코리아,"황의조, 4주 기초군사훈련 마치고 4일 퇴소",http://sports.news.naver.com/wfootball/news/read.nhn?oid=139&aid=0002133814,ㅋㅋㅋㅋㅋㅋㅋㅋㅋㅋㅋㅋㅋㅋ진짜 황영조라 적혀있네 ㅋㅋㅋㅋㅋㅋㅋㅋㅋ,3,4,3일 전,0
177,스포탈코리아,"황의조, 4주 기초군사훈련 마치고 4일 퇴소",http://sports.news.naver.com/wfootball/news/read.nhn?oid=139&aid=0002133814,수고 햇어요~ 경기 더 열심히 뛰자! 프랑스 리그 경기 시간이 너무 늦어요 손흥민 선수 토트넘 경기 방송처럼 보여 주엇으면 좋겟어요,1,1,3일 전,0
178,스포탈코리아,"황의조, 4주 기초군사훈련 마치고 4일 퇴소",http://sports.news.naver.com/wfootball/news/read.nhn?oid=139&aid=0002133814,기자가 웃기고 싶었나봅니다,0,0,3일 전,0
179,스포탈코리아,"황의조, 4주 기초군사훈련 마치고 4일 퇴소",http://sports.news.naver.com/wfootball/news/read.nhn?oid=139&aid=0002133814,황영조가 국내에 있다고 하쟎아. 외국여행은 코로나 대메 안가나 봐.,0,0,3일 전,0
180,스포탈코리아,"황의조, 4주 기초군사훈련 마치고 4일 퇴소",http://sports.news.naver.com/wfootball/news/read.nhn?oid=139&aid=0002133814,황영조ㅋㅋㅋ,0,0,3일 전,0
181,스포탈코리아,"황의조, 4주 기초군사훈련 마치고 4일 퇴소",http://sports.news.naver.com/wfootball/news/read.nhn?oid=139&aid=0002133814,자동완성 기능이야 뭐야 ㅋㅋㅋㅋ,0,0,3일 전,0
182,스포탈코리아,"황의조, 4주 기초군사훈련 마치고 4일 퇴소",http://sports.news.naver.com/wfootball/news/read.nhn?oid=139&aid=0002133814,황영조는 겁나 웃기네 ㅎㅎㅎ,0,0,3일 전,0
183,스포탈코리아,"황의조, 4주 기초군사훈련 마치고 4일 퇴소",http://sports.news.naver.com/wfootball/news/read.nhn?oid=139&aid=0002133814,황영조가 국내에 머무는 것을 기자가 알고 있었다니 대단하군~,0,0,3일 전,0
184,스포탈코리아,"황의조, 4주 기초군사훈련 마치고 4일 퇴소",http://sports.news.naver.com/wfootball/news/read.nhn?oid=139&aid=0002133814,흥민이랑 반응이 극과극이네,0,0,3일 전,0
185,스포탈코리아,"황의조, 4주 기초군사훈련 마치고 4일 퇴소",http://sports.news.naver.com/wfootball/news/read.nhn?oid=139&aid=0002133814,영조??,0,0,3일 전,0
186,스포탈코리아,"황의조, 4주 기초군사훈련 마치고 4일 퇴소",http://sports.news.naver.com/wfootball/news/read.nhn?oid=139&aid=0002133814,ㅋㅋㅋ 축구기사쓰는 기자가 축구선수 이름도 모르고 댓글보고 수정하네 ㅋㅋㅋ,0,0,3일 전,0
187,스포탈코리아,"황의조, 4주 기초군사훈련 마치고 4일 퇴소",http://sports.news.naver.com/wfootball/news/read.nhn?oid=139&aid=0002133814,5줄짜리 기사에 오타가 있다니,0,0,3일 전,0
188,스포탈코리아,"황의조, 4주 기초군사훈련 마치고 4일 퇴소",http://sports.news.naver.com/wfootball/news/read.nhn?oid=139&aid=0002133814,황영조아니고황의조이다,0,0,3일 전,0
189,연합뉴스,"군인권센터 ""현충원 안장 친일 군인 56명 파묘·이장해야""(종합)",https://news.naver.com/main/read.nhn?mode=LSD&mid=sec&sid1=102&oid=001&aid=0011655929,군인권센터 바로해체하라.이런 어용단체 필요없어 임태훈 이놈아는 북으로가라..너는 이나라에살 자격이없어. 니가그리 그리던곳 찿아 북으로가라,132,25,2020.06.04. 15:03:38,5
190,연합뉴스,"군인권센터 ""현충원 안장 친일 군인 56명 파묘·이장해야""(종합)",https://news.naver.com/main/read.nhn?mode=LSD&mid=sec&sid1=102&oid=001&aid=0011655929,"저런인간들 민주당측 인물은 까지도 않더라. 문재인부터가 흥남에서 농업과장하던 분의 자손인데.  깔거면 다 까던지, 꼭 한쪽세력만 까는게 목표가 친일세력 잔재타파가 아니고 정치적 공작으로 밖에 안보여",67,11,2020.06.04. 15:04:20,1
191,연합뉴스,"군인권센터 ""현충원 안장 친일 군인 56명 파묘·이장해야""(종합)",https://news.naver.com/main/read.nhn?mode=LSD&mid=sec&sid1=102&oid=001&aid=0011655929,군인권센터는 국가 기관도 아니고 국방부 산하 기관도 아닌 임태훈 개인이 세운 센터임 사람들이 국가기관인줄 잘못알고있음,54,1,2020.06.04. 15:05:37,1
192,연합뉴스,"군인권센터 ""현충원 안장 친일 군인 56명 파묘·이장해야""(종합)",https://news.naver.com/main/read.nhn?mode=LSD&mid=sec&sid1=102&oid=001&aid=0011655929,빨갱이단체부터 먼저 국내에서 추방하는 법만들자,20,0,2020.06.04. 15:06:29,3
193,연합뉴스,"군인권센터 ""현충원 안장 친일 군인 56명 파묘·이장해야""(종합)",https://news.naver.com/main/read.nhn?mode=LSD&mid=sec&sid1=102&oid=001&aid=0011655929,호모가 또 기어나와,19,2,2020.06.04. 15:07:12,0
194,연합뉴스,"군인권센터 ""현충원 안장 친일 군인 56명 파묘·이장해야""(종합)",https://news.naver.com/main/read.nhn?mode=LSD&mid=sec&sid1=102&oid=001&aid=0011655929,대한민국 군인으로 충성한분들이 목숨바쳐 지켜온나라가 대한민국이다^^ 김원봉^^ 공산당원을존경한다는 문통.조국에 이적행위를 한 간첩들과그들의사상에 동감하는 분이야말로  현충원에 가서는안될사람들이다^^,10,0,2020.06.04. 15:10:55,0
195,연합뉴스,"군인권센터 ""현충원 안장 친일 군인 56명 파묘·이장해야""(종합)",https://news.naver.com/main/read.nhn?mode=LSD&mid=sec&sid1=102&oid=001&aid=0011655929,그런데 군인권센터라는데가 정부기구인가? 아님 민간단체인가? 듣도보도 못한 센터가 문정부들어 뭐라고 한마디만 하면 언론에서 기사를 내주는지 정말 궁금하다....그리고 군대는 다녀오고서 군 인권타령하는지 그것도 궁금하다...,9,0,2020.06.04. 15:06:24,0
196,연합뉴스,"군인권센터 ""현충원 안장 친일 군인 56명 파묘·이장해야""(종합)",https://news.naver.com/main/read.nhn?mode=LSD&mid=sec&sid1=102&oid=001&aid=0011655929,일제시대 때 일본 이름으로 개명 안 한 놈 있으면 나와보라 그래 김대중 🐶🐦끼도 대통령 되고 일본 가서 스승 만나 큰절 한 놈이 김대중이 다 당연히 김대중 부터 해야 되겠지,12,4,2020.06.04. 15:04:32,1
197,연합뉴스,"군인권센터 ""현충원 안장 친일 군인 56명 파묘·이장해야""(종합)",https://news.naver.com/main/read.nhn?mode=LSD&mid=sec&sid1=102&oid=001&aid=0011655929,사회주의자놈들도 파묘하자,7,0,2020.06.04. 15:12:58,0
198,연합뉴스,"군인권센터 ""현충원 안장 친일 군인 56명 파묘·이장해야""(종합)",https://news.naver.com/main/read.nhn?mode=LSD&mid=sec&sid1=102&oid=001&aid=0011655929,군인권엔 인권이 없고 민주당엔 민주가없고 정의당엔 정의가없고 적폐청산엔 정권탄압이있고,7,0,2020.06.04. 15:06:29,0
199,연합뉴스,"군인권센터 ""현충원 안장 친일 군인 56명 파묘·이장해야""(종합)",https://news.naver.com/main/read.nhn?mode=LSD&mid=sec&sid1=102&oid=001&aid=0011655929,군인권센타??동성애 센타 아닌가??,5,0,2020.06.04. 15:12:41,0
200,연합뉴스,"군인권센터 ""현충원 안장 친일 군인 56명 파묘·이장해야""(종합)",https://news.naver.com/main/read.nhn?mode=LSD&mid=sec&sid1=102&oid=001&aid=0011655929,군인권센터가 우어히는집단인지 모라도 돌아이아이가 주제파악좀하그레이,6,2,2020.06.04. 15:03:34,0
201,연합뉴스,"군인권센터 ""현충원 안장 친일 군인 56명 파묘·이장해야""(종합)",https://news.naver.com/main/read.nhn?mode=LSD&mid=sec&sid1=102&oid=001&aid=0011655929,그러면  과거  북조선에 살면서  625  참전해서 우리 국민들 살상한 인민군들과 김일성 부자에게  동조했던 빨갱이들과  그 후손들도 모두 찾아내서    유공자  환수하고 고위공직에서  몰아내자~~~  군인권센터는  모하는 어용단체인가?,5,1,2020.06.04. 15:15:27,0
202,연합뉴스,"군인권센터 ""현충원 안장 친일 군인 56명 파묘·이장해야""(종합)",https://news.naver.com/main/read.nhn?mode=LSD&mid=sec&sid1=102&oid=001&aid=0011655929,쓸데없는 새금낭비.  윤미향이 삼킨 기부금이나 수사해라,4,0,2020.06.04. 15:14:06,0
203,연합뉴스,"군인권센터 ""현충원 안장 친일 군인 56명 파묘·이장해야""(종합)",https://news.naver.com/main/read.nhn?mode=LSD&mid=sec&sid1=102&oid=001&aid=0011655929,"역시 자신편은 감싸고, 상대편은 끝까지 물어뜯는구나! 북한에 헌신하고 6.26때동족을 학살하는데 앞장선 김봉원인가 이봉원인가하는놈은 국립묘지에 안장하려고 기르는 ㅕㄴ서~~",3,0,2020.06.04. 15:11:40,0
204,연합뉴스,"군인권센터 ""현충원 안장 친일 군인 56명 파묘·이장해야""(종합)",https://news.naver.com/main/read.nhn?mode=LSD&mid=sec&sid1=102&oid=001&aid=0011655929,"오,십팔폭동꾼들은?   김때중이는?   빨갱이들은?..    요번기회에   유공자 선별작업하여   국민혈세 아끼자!",4,2,2020.06.04. 15:06:37,0
205,연합뉴스,"군인권센터 ""현충원 안장 친일 군인 56명 파묘·이장해야""(종합)",https://news.naver.com/main/read.nhn?mode=LSD&mid=sec&sid1=102&oid=001&aid=0011655929,"군인권센터?, 모순단체...군대 유지의 목적에 반하는 군대해산에 목적을둔 괴뢰집단!",3,1,2020.06.04. 15:04:48,0
206,한국경제,미국 시위 여론 결집시킨 주역...하필 중국이 만든 틱톡이네,https://news.naver.com/main/read.nhn?mode=LSD&mid=sec&sid1=104&oid=015&aid=0004353971,역시 이번 블랙들 폭동뒤에는 짱개의 부추김이 있었네,44,3,2020.06.04. 15:07,1
207,한국경제,미국 시위 여론 결집시킨 주역...하필 중국이 만든 틱톡이네,https://news.naver.com/main/read.nhn?mode=LSD&mid=sec&sid1=104&oid=015&aid=0004353971,착한 짱께는 쥭은 짱꺠다,31,4,2020.06.04. 14:58,0
208,한국경제,미국 시위 여론 결집시킨 주역...하필 중국이 만든 틱톡이네,https://news.naver.com/main/read.nhn?mode=LSD&mid=sec&sid1=104&oid=015&aid=0004353971,틱톡  쓰지말아야  되겠네.다른곳에  개인정보도 막  빼가는데 ㅋ  중국거  가입했다가는 그냥  퍼가라는  거네 ㅋ,20,0,2020.06.04. 15:01,0
209,한국경제,미국 시위 여론 결집시킨 주역...하필 중국이 만든 틱톡이네,https://news.naver.com/main/read.nhn?mode=LSD&mid=sec&sid1=104&oid=015&aid=0004353971,한국은 텔레그램으로 쥐락펴락하고 미국엔 틱톡이라..... 트럼프 박근혜처럼 당하지 마세요 시위대 중에 중국인들이 있을 듯 우리 촛불때처럼.... 중국 진핑아 정권 욕심이 그렇게 탐나니? 너 딸 밖에 없잖아 진핑이같은 공산당들 죽을 날을 두 손 모아 기도할께,14,1,2020.06.04. 15:09,0
210,한국경제,미국 시위 여론 결집시킨 주역...하필 중국이 만든 틱톡이네,https://news.naver.com/main/read.nhn?mode=LSD&mid=sec&sid1=104&oid=015&aid=0004353971,틱톡이 쭝화놈들  꺼였구나. 지워야겠다.,8,0,2020.06.04. 15:27,0
211,한국경제,미국 시위 여론 결집시킨 주역...하필 중국이 만든 틱톡이네,https://news.naver.com/main/read.nhn?mode=LSD&mid=sec&sid1=104&oid=015&aid=0004353971,틱톡(짱께)보기만해도 해킹당하기도 함.조심해야 하고 보면은 절대 않됨.현재 미국 폭동에도 중국(공산당)이 개입되여다고 봄..세계는 지금 공산당과 자유경제민주주의의 전쟁이라고 봐도 무방함 (미 중 전쟁 만세)(북한 해방 만세),4,0,2020.06.04. 15:35,0
212,한국경제,미국 시위 여론 결집시킨 주역...하필 중국이 만든 틱톡이네,https://news.naver.com/main/read.nhn?mode=LSD&mid=sec&sid1=104&oid=015&aid=0004353971,시위자 중국인들  중국말 하다 다 걸렸어요 중국영사관에서 다 주동하고  !!!!!!세계의 적입니다 중국,3,0,2020.06.04. 15:16,0
213,한국경제,미국 시위 여론 결집시킨 주역...하필 중국이 만든 틱톡이네,https://news.naver.com/main/read.nhn?mode=LSD&mid=sec&sid1=104&oid=015&aid=0004353971,전세계 빨갱이는 하나로 통한다,1,0,2020.06.05. 10:47,0
214,한국경제,미국 시위 여론 결집시킨 주역...하필 중국이 만든 틱톡이네,https://news.naver.com/main/read.nhn?mode=LSD&mid=sec&sid1=104&oid=015&aid=0004353971,미국 시위 물론 순수하게 인권시위하시는 분들도 많지 근데 반이 인권시위이면 반은 지금 사회주의 세력이 부추긴거라는 의견이 대다수임 흑인애들은 걍 약탈중인거고 미중 무역전쟁에서 생각보다 미국 트럼프가 강경한 자세 취하니까 트럼프 재선에서 떨어트리는게 좋을거 같다 판단해 미국에 사회주의 체제 지지자들 결집해서 경찰사건 빌미로 지지율 떨어 뜨리기 위해 산발적인 시위 벌인다는게 정설이지. 사상도 딱 드러 맞잖아 유산 무산 계급 백인 흑인에 대입하면 ㅎ,1,0,2020.06.04. 15:49,0
215,한국경제,미국 시위 여론 결집시킨 주역...하필 중국이 만든 틱톡이네,https://news.naver.com/main/read.nhn?mode=LSD&mid=sec&sid1=104&oid=015&aid=0004353971,중공의 공작이지,1,1,2020.06.04. 18:02,0
216,한국경제,미국 시위 여론 결집시킨 주역...하필 중국이 만든 틱톡이네,https://news.naver.com/main/read.nhn?mode=LSD&mid=sec&sid1=104&oid=015&aid=0004353971,틱톡쓰면 안됨,0,0,2020.06.05. 20:20,0
217,한국경제,미국 시위 여론 결집시킨 주역...하필 중국이 만든 틱톡이네,https://news.naver.com/main/read.nhn?mode=LSD&mid=sec&sid1=104&oid=015&aid=0004353971,이번 미국 폭동 덕분에 홍콩 민주주의 시위 관련 기사들은 최소 90%정도 줄어들었던데,0,0,2020.06.05. 17:43,0
218,한국경제,미국 시위 여론 결집시킨 주역...하필 중국이 만든 틱톡이네,https://news.naver.com/main/read.nhn?mode=LSD&mid=sec&sid1=104&oid=015&aid=0004353971,또 중국??  안끼는데가 없어.,0,0,2020.06.05. 11:31,0
219,한국경제,미국 시위 여론 결집시킨 주역...하필 중국이 만든 틱톡이네,https://news.naver.com/main/read.nhn?mode=LSD&mid=sec&sid1=104&oid=015&aid=0004353971,중공이 정보기술을 이용해 곳곳에서 도청과 조작한다. 화이웨이 등 중국산 정보통신 장비 쓰면 큰일납니다. 그들은 죄의식 없습니다.,0,0,2020.06.05. 06:51,0
220,한국경제,미국 시위 여론 결집시킨 주역...하필 중국이 만든 틱톡이네,https://news.naver.com/main/read.nhn?mode=LSD&mid=sec&sid1=104&oid=015&aid=0004353971,ㅋㅋㅋㅋㅋㅋㅋ 미국인들 대다수가 멍청하다고 하더만ㅉ 허를 찔렸네..,0,0,2020.06.04. 18:50,0
221,한국경제,미국 시위 여론 결집시킨 주역...하필 중국이 만든 틱톡이네,https://news.naver.com/main/read.nhn?mode=LSD&mid=sec&sid1=104&oid=015&aid=0004353971,틱톡 유져는 무조건 거르면 됨,0,0,2020.06.04. 16:49,0
222,한국경제,미국 시위 여론 결집시킨 주역...하필 중국이 만든 틱톡이네,https://news.naver.com/main/read.nhn?mode=LSD&mid=sec&sid1=104&oid=015&aid=0004353971,ㅋㅋ 짱개톡 그거 깔면 개인정보 공산당한테 바로 팔려감,0,0,2020.06.04. 16:10,0
223,한국경제,미국 시위 여론 결집시킨 주역...하필 중국이 만든 틱톡이네,https://news.naver.com/main/read.nhn?mode=LSD&mid=sec&sid1=104&oid=015&aid=0004353971,WHO 흑인 사무총장 구워삶은 중공답게 중국산 SNS통해  개인정보 빼가고 흑인결집시켜 미정부에 대항하려는 의도로 보인다. Tik Tok OUT!,0,0,2020.06.04. 15:45,0
224,한국경제,미국 시위 여론 결집시킨 주역...하필 중국이 만든 틱톡이네,https://news.naver.com/main/read.nhn?mode=LSD&mid=sec&sid1=104&oid=015&aid=0004353971,틱톡에서 짱깨 정치언급은 바로 밴입니다 ㅋㅋㅋㅋㅋㅋㅋㅋ,0,0,2020.06.04. 15:42,0
225,한국경제,미국 시위 여론 결집시킨 주역...하필 중국이 만든 틱톡이네,https://news.naver.com/main/read.nhn?mode=LSD&mid=sec&sid1=104&oid=015&aid=0004353971,미국 폭동 주최측  라도에  연수좀 받고 했어야 했는데 ㅋ,0,0,2020.06.04. 15:33,0
226,SBS,"""영농민 아닌데…"" 월북 시도 '살인 용의자' 잡은 장병들",https://news.naver.com/main/read.nhn?mode=LSD&mid=sec&sid1=102&oid=055&aid=0000819185,저정도   근무했으니    고향앞으로가!,1,0,2020.06.04. 17:55,0
227,SBS,"""영농민 아닌데…"" 월북 시도 '살인 용의자' 잡은 장병들",https://news.naver.com/main/read.nhn?mode=LSD&mid=sec&sid1=102&oid=055&aid=0000819185,와진짜완전히어로우리육군장하다장해정말로감사합니다그리고건강히전역하세요감사합니다그리고당신들이있어서편안히살수있겠습니다,0,0,2020.06.04. 22:17,0
228,SBS,"""영농민 아닌데…"" 월북 시도 '살인 용의자' 잡은 장병들",https://news.naver.com/main/read.nhn?mode=LSD&mid=sec&sid1=102&oid=055&aid=0000819185,헐헐.. 살인자는 그냥 북으로 월북시켜도 좋을텐데 감옥에서 세금으로 먹여살려주겠네. 북에서 발견되었으면 잔인한 고문과 구타로 사망했을텐 들어오는 밀입국자나 좀 재대로잡지 나가는 월북애들은 왜 잡는지 참..,0,2,2020.06.04. 15:46,0
229,연합뉴스,'월북 시도' 스리랑카 국적 살인 용의자 잡은 5사단 장병들,https://news.naver.com/main/read.nhn?mode=LSD&mid=sec&sid1=100&oid=001&aid=0011655701,장하다. 내 아들!,0,0,2020.06.04. 14:32:49,0
230,연합뉴스,'월북 시도' 스리랑카 국적 살인 용의자 잡은 5사단 장병들,https://news.naver.com/main/read.nhn?mode=LSD&mid=sec&sid1=100&oid=001&aid=0011655701,그냥 보내주지. 가서 디지게,0,0,2020.06.04. 14:25:49,0
231,뉴시스,"황의조, 4주 육군 기초군사훈련 마치고 오늘 퇴소",http://sports.news.naver.com/wfootball/news/read.nhn?oid=003&aid=0009897917,특혜의 오명을 실력으로 벗은자.. 의조는 당당해도 돼!,83,5,3일 전,8
232,뉴시스,"황의조, 4주 육군 기초군사훈련 마치고 오늘 퇴소",http://sports.news.naver.com/wfootball/news/read.nhn?oid=003&aid=0009897917,황의조랑 군생활 한 친구들도 계탔네 ㅋㅋㅋㅋㅋ,39,5,3일 전,3
233,뉴시스,"황의조, 4주 육군 기초군사훈련 마치고 오늘 퇴소",http://sports.news.naver.com/wfootball/news/read.nhn?oid=003&aid=0009897917,갓의조 멋지다,13,4,3일 전,0
234,뉴시스,"황의조, 4주 육군 기초군사훈련 마치고 오늘 퇴소",http://sports.news.naver.com/wfootball/news/read.nhn?oid=003&aid=0009897917,황의조씨는 왤케 길게 느껴지고 흥민이는 짧게느껴졌지 ㅋㅋㅋㅋ,7,4,3일 전,2
235,뉴시스,"황의조, 4주 육군 기초군사훈련 마치고 오늘 퇴소",http://sports.news.naver.com/wfootball/news/read.nhn?oid=003&aid=0009897917,기초훈련 이라도 진짜 남의 군생활은 정말 빠르네,3,2,3일 전,0
236,뉴시스,"황의조, 4주 육군 기초군사훈련 마치고 오늘 퇴소",http://sports.news.naver.com/wfootball/news/read.nhn?oid=003&aid=0009897917,의조형 사랑해,2,0,3일 전,0
237,뉴시스,"황의조, 4주 육군 기초군사훈련 마치고 오늘 퇴소",http://sports.news.naver.com/wfootball/news/read.nhn?oid=003&aid=0009897917,현빈이는 좋겠다...,2,0,3일 전,0
238,뉴시스,"황의조, 4주 육군 기초군사훈련 마치고 오늘 퇴소",http://sports.news.naver.com/wfootball/news/read.nhn?oid=003&aid=0009897917,리버풀>>>>>>>>>>황의조,2,4,3일 전,1
239,뉴시스,"황의조, 4주 육군 기초군사훈련 마치고 오늘 퇴소",http://sports.news.naver.com/wfootball/news/read.nhn?oid=003&aid=0009897917,ㅈ같은 축사냄새도 오늘로서 끝이겠네,1,1,3일 전,0
240,뉴시스,"황의조, 4주 육군 기초군사훈련 마치고 오늘 퇴소",http://sports.news.naver.com/wfootball/news/read.nhn?oid=003&aid=0009897917,프랑스리그도 종료됐겠다. 황의조 푹 쉬겠네 ㅋㅋㅋ,1,4,3일 전,0
241,뉴시스,"황의조, 4주 육군 기초군사훈련 마치고 오늘 퇴소",http://sports.news.naver.com/wfootball/news/read.nhn?oid=003&aid=0009897917,벌써 그리됫어 ? 빠르네,1,2,3일 전,0
242,뉴시스,"황의조, 4주 육군 기초군사훈련 마치고 오늘 퇴소",http://sports.news.naver.com/wfootball/news/read.nhn?oid=003&aid=0009897917,우리 옆중대 였음 황의조,0,0,2일 전,1
243,뉴시스,"황의조, 4주 육군 기초군사훈련 마치고 오늘 퇴소",http://sports.news.naver.com/wfootball/news/read.nhn?oid=003&aid=0009897917,소녀스럽다,0,0,3일 전,0
244,뉴시스,"황의조, 4주 육군 기초군사훈련 마치고 오늘 퇴소",http://sports.news.naver.com/wfootball/news/read.nhn?oid=003&aid=0009897917,현빈이 동기 ㅎ,0,3,3일 전,0
245,골닷컴,상주 신병 1주일 만에 훈련 끝난 이유는?,http://sports.news.naver.com/kfootball/news/read.nhn?oid=216&aid=0000106706,진짜 궁금한데 겨울에 다시 돌아가면 계급을 달고 있을텐데 만약에 교관 보다 계급 높으면 어떻게 함?,8,14,3일 전,15
246,골닷컴,상주 신병 1주일 만에 훈련 끝난 이유는?,http://sports.news.naver.com/kfootball/news/read.nhn?oid=216&aid=0000106706,훈련소에서는 훈련병과 분대장으로의 관계로 있어야지 훈련소니까,2,1,3일 전,0
247,골닷컴,상주 신병 1주일 만에 훈련 끝난 이유는?,http://sports.news.naver.com/kfootball/news/read.nhn?oid=216&aid=0000106706,유격훈련 생각하면 되지 ㅋㅋㅋ 병사 조교가 부사관 교육생 PT체조 주는것처럼 ㅋㅋㅋ,1,1,3일 전,0
248,골닷컴,상주 신병 1주일 만에 훈련 끝난 이유는?,http://sports.news.naver.com/kfootball/news/read.nhn?oid=216&aid=0000106706,캠프에서 뭘 더 바래,0,0,3일 전,0
249,골닷컴,상주 신병 1주일 만에 훈련 끝난 이유는?,http://sports.news.naver.com/kfootball/news/read.nhn?oid=216&aid=0000106706,감독의 욕심인가 팀의 유지적 보수인가,0,0,3일 전,0
250,골닷컴,상주 신병 1주일 만에 훈련 끝난 이유는?,http://sports.news.naver.com/kfootball/news/read.nhn?oid=216&aid=0000106706,아니 내년의 상무를 생각하면 급할게 있냐,0,0,3일 전,0
251,골닷컴,상주 신병 1주일 만에 훈련 끝난 이유는?,http://sports.news.naver.com/kfootball/news/read.nhn?oid=216&aid=0000106706,형평성에 어긋나네..,0,0,3일 전,0
252,골닷컴,상주 신병 1주일 만에 훈련 끝난 이유는?,http://sports.news.naver.com/kfootball/news/read.nhn?oid=216&aid=0000106706,레알 상주...올 시즌 상위권 유력.,0,1,3일 전,0
253,뉴시스,"3군단 간부들, 퇴근길 교통사고로 의식잃은 어린이 생명 구해",https://news.naver.com/main/read.nhn?mode=LSD&mid=sec&sid1=102&oid=003&aid=0009897885,정말당신들은우리가잘때놀때우리나라를위해수고하는데아이까지구해주시고당신들은영웅입니다감사합니다고맙습니다,0,0,2020.06.04. 21:48,0
254,연합뉴스,"""영농민 아닌데…"" 월북 시도 '살인 용의자' 잡은 장병들",https://news.naver.com/main/read.nhn?mode=LSD&mid=sec&sid1=100&oid=001&aid=0011655640,그냥 놔뒀으면 진정한 지옥을 경험 하는건데 그걸 왜 잡았냐???,8,3,2020.06.04. 14:14:14,2
255,연합뉴스,"""영농민 아닌데…"" 월북 시도 '살인 용의자' 잡은 장병들",https://news.naver.com/main/read.nhn?mode=LSD&mid=sec&sid1=100&oid=001&aid=0011655640,전방에 정신차리고 있는 5사단 군인들이 있네. 잘했어요 👏👏👏,4,0,2020.06.04. 16:55:52,0
256,연합뉴스,"""영농민 아닌데…"" 월북 시도 '살인 용의자' 잡은 장병들",https://news.naver.com/main/read.nhn?mode=LSD&mid=sec&sid1=100&oid=001&aid=0011655640,5사단 장병님들 자랑스럽습니다!,2,0,2020.06.04. 16:30:15,0
257,연합뉴스,"""영농민 아닌데…"" 월북 시도 '살인 용의자' 잡은 장병들",https://news.naver.com/main/read.nhn?mode=LSD&mid=sec&sid1=100&oid=001&aid=0011655640,전방군인들이 경계를 확실히 한다는 것을 보여주어 자랑스럽습니다.,1,0,2020.06.04. 16:32:27,0
258,연합뉴스,"""영농민 아닌데…"" 월북 시도 '살인 용의자' 잡은 장병들",https://news.naver.com/main/read.nhn?mode=LSD&mid=sec&sid1=100&oid=001&aid=0011655640,정말 멋진 군인들이네요.건강하게 군생활 잘하시고 좋은 일만 함께 하길 바래요.,0,0,2020.06.07. 14:28:14,0
259,연합뉴스,"""영농민 아닌데…"" 월북 시도 '살인 용의자' 잡은 장병들",https://news.naver.com/main/read.nhn?mode=LSD&mid=sec&sid1=100&oid=001&aid=0011655640,살인 청부 아님?죽은 시체 사진을 왜 찍음?지금처럼 걸릴위험이 큰데,0,0,2020.06.05. 10:54:04,0
260,연합뉴스,"""영농민 아닌데…"" 월북 시도 '살인 용의자' 잡은 장병들",https://news.naver.com/main/read.nhn?mode=LSD&mid=sec&sid1=100&oid=001&aid=0011655640,새끼..22사 쪽으로 갔어야지...,0,0,2020.06.04. 16:20:25,0
261,연합뉴스,"""영농민 아닌데…"" 월북 시도 '살인 용의자' 잡은 장병들",https://news.naver.com/main/read.nhn?mode=LSD&mid=sec&sid1=100&oid=001&aid=0011655640,잡으라는 정은이는 안잡고 크ㅡㅋ 엉뚱한 것 잡앗다고 생색이네 국방부 하는 짓거리가 참 가관이다,0,2,2020.06.04. 14:40:16,0
262,문화일보,“軍동원” 트럼프에 반기 들었다… 경질설 돌자 입장 바꾼 에스퍼,https://news.naver.com/main/read.nhn?mode=LSD&mid=sec&sid1=104&oid=021&aid=0002430384,지금껏 미국이 진정한 강대국인줄 알았는데 코로나 격고나서 확실히 알았다. 미국은 강대국이 아니라 그저 무기팔아 먹고사는 돈만 많은 나라였다는사실~방역도엉망. 치안도엉망.정치는 개엉망~,0,0,2020.06.04. 12:53,0
263,뉴스1,"군인권센터 ""일제에 충성한 군인 56명 현충원서 파묘해야""",https://news.naver.com/main/read.nhn?mode=LSD&mid=sec&sid1=102&oid=421&aid=0004676685,친일청산 재조산하,7,0,2020.06.04. 12:13:56,0
264,뉴스1,"군인권센터 ""일제에 충성한 군인 56명 현충원서 파묘해야""",https://news.naver.com/main/read.nhn?mode=LSD&mid=sec&sid1=102&oid=421&aid=0004676685,꼭 네이버에서 이런류 기사에는 댓글이 없더라고...,2,0,2020.06.04. 14:03:48,0
265,뉴스1,"군인권센터 ""일제에 충성한 군인 56명 현충원서 파묘해야""",https://news.naver.com/main/read.nhn?mode=LSD&mid=sec&sid1=102&oid=421&aid=0004676685,지금 김정은 위원장님께 충성하는 문비서실장 무리들은 어떻게 해야 하나?,1,0,2020.06.04. 15:31:11,0
266,뉴스1,"군인권센터 ""일제에 충성한 군인 56명 현충원서 파묘해야""",https://news.naver.com/main/read.nhn?mode=LSD&mid=sec&sid1=102&oid=421&aid=0004676685,당장 시행하라,0,0,2020.06.04. 14:24:40,0
267,뉴스1,"군인권센터 ""일제에 충성한 군인 56명 현충원서 파묘해야""",https://news.naver.com/main/read.nhn?mode=LSD&mid=sec&sid1=102&oid=421&aid=0004676685,"박정희가 저기 묻힌 거, 말이 되니?? 싹 다 파내서 블질러 버리고 남은 뼛가루 현충원 입구에 자리마련해 묻어라. 방문객들이 한 번씩 밟고 침뱉을 수 있게 친일파 코너 마련.",0,1,2020.06.04. 14:17:48,0
268,노컷뉴스,"군인권센터 ""현충원 안장된 '친일 군인' 56명 파묘해야""",https://news.naver.com/main/read.nhn?mode=LSD&mid=sec&sid1=102&oid=079&aid=0003368060,반일팔이가 짭짤하다는게 위안부 정의연을 보고 눈치챘구나. 군인권쎈타까지 반일팔이에 나섰네. ㅉㅉㅉㅉ,132,49,2020.06.04. 11:34,11
269,노컷뉴스,"군인권센터 ""현충원 안장된 '친일 군인' 56명 파묘해야""",https://news.naver.com/main/read.nhn?mode=LSD&mid=sec&sid1=102&oid=079&aid=0003368060,파묘해라! 근데 손혜원 부친은??,61,2,2020.06.04. 11:35,4
270,노컷뉴스,"군인권센터 ""현충원 안장된 '친일 군인' 56명 파묘해야""",https://news.naver.com/main/read.nhn?mode=LSD&mid=sec&sid1=102&oid=079&aid=0003368060,친북은??,48,6,2020.06.04. 11:33,5
271,노컷뉴스,"군인권센터 ""현충원 안장된 '친일 군인' 56명 파묘해야""",https://news.naver.com/main/read.nhn?mode=LSD&mid=sec&sid1=102&oid=079&aid=0003368060,지오영  마스크 공급때  군인동원 보고만 있었던  임태훈 게이 대표는  편향적인  군인권센타,51,10,2020.06.04. 11:34,2
272,노컷뉴스,"군인권센터 ""현충원 안장된 '친일 군인' 56명 파묘해야""",https://news.naver.com/main/read.nhn?mode=LSD&mid=sec&sid1=102&oid=079&aid=0003368060,518  명단부터  까라 간첩 들아,38,18,2020.06.04. 11:37,1
273,노컷뉴스,"군인권센터 ""현충원 안장된 '친일 군인' 56명 파묘해야""",https://news.naver.com/main/read.nhn?mode=LSD&mid=sec&sid1=102&oid=079&aid=0003368060,군인권센터 : 게이가 만든 군 비방 단체,10,2,2020.06.04. 11:42,0
274,노컷뉴스,"군인권센터 ""현충원 안장된 '친일 군인' 56명 파묘해야""",https://news.naver.com/main/read.nhn?mode=LSD&mid=sec&sid1=102&oid=079&aid=0003368060,이 기회에 북에 공조한 인간들도 다 파내자 같은 민족의 가슴팍에 총부리를 겨누고 살해한 북에 동조하고 찬양한 인간들도 사회 곳곳에서 활동하고 현충원에 묻혀 있는 양반들 전부 파서 부관참시 시키자 ~~~,7,0,2020.06.04. 11:38,0
275,노컷뉴스,"군인권센터 ""현충원 안장된 '친일 군인' 56명 파묘해야""",https://news.naver.com/main/read.nhn?mode=LSD&mid=sec&sid1=102&oid=079&aid=0003368060,말만하지말고 빨리 파내라!!,10,5,2020.06.04. 11:33,0
276,노컷뉴스,"군인권센터 ""현충원 안장된 '친일 군인' 56명 파묘해야""",https://news.naver.com/main/read.nhn?mode=LSD&mid=sec&sid1=102&oid=079&aid=0003368060,도대체 누가 마음대로 군인권센터라는 이름을 사용하냐?. 게이야 국민들 한테 물어보고 사용하냐?.,5,0,2020.06.04. 11:45,0
277,노컷뉴스,"군인권센터 ""현충원 안장된 '친일 군인' 56명 파묘해야""",https://news.naver.com/main/read.nhn?mode=LSD&mid=sec&sid1=102&oid=079&aid=0003368060,"민주당을 중심으로 한 종북좌파 연대 ! 초등 수준도 안되는 도덕성과 염치로 국민을 편가르기 하고 내편이면 송사리때 같이 몰려다니며 보호하고 반대편이면 말도 안되는 논리로 린치를 가하고 자기들의 치부를 파해치려는 검찰이나 언론에 대해서는 검찰개혁, 언론개혁하면서 해꼬지 하는 인간들임",5,2,2020.06.04. 11:36,0
278,노컷뉴스,"군인권센터 ""현충원 안장된 '친일 군인' 56명 파묘해야""",https://news.naver.com/main/read.nhn?mode=LSD&mid=sec&sid1=102&oid=079&aid=0003368060,이사람들   또 시작이네.  그리 정권에 충성하고 싶냐.현제  우리 나라 적이 누구냐.  그것도 모르는 사람들이 설치고 있으니. 기가차다,3,0,2020.06.04. 14:45,0
279,노컷뉴스,"군인권센터 ""현충원 안장된 '친일 군인' 56명 파묘해야""",https://news.naver.com/main/read.nhn?mode=LSD&mid=sec&sid1=102&oid=079&aid=0003368060,진작 했어야 할 숙제였던것 같다.,3,0,2020.06.04. 12:01,0
280,노컷뉴스,"군인권센터 ""현충원 안장된 '친일 군인' 56명 파묘해야""",https://news.naver.com/main/read.nhn?mode=LSD&mid=sec&sid1=102&oid=079&aid=0003368060,반드시 파묘해라,3,0,2020.06.04. 11:37,0
281,노컷뉴스,"군인권센터 ""현충원 안장된 '친일 군인' 56명 파묘해야""",https://news.naver.com/main/read.nhn?mode=LSD&mid=sec&sid1=102&oid=079&aid=0003368060,과거 친일은 매국적이고 좌빨은 애국적인가?,4,2,2020.06.04. 13:27,1
282,노컷뉴스,"군인권센터 ""현충원 안장된 '친일 군인' 56명 파묘해야""",https://news.naver.com/main/read.nhn?mode=LSD&mid=sec&sid1=102&oid=079&aid=0003368060,군을 말아쳐 드시고 있는 시민단체 군인권은 즉각해체해라! 국민의 한사람으로 명령한다.,3,1,2020.06.04. 13:18,0
283,노컷뉴스,"군인권센터 ""현충원 안장된 '친일 군인' 56명 파묘해야""",https://news.naver.com/main/read.nhn?mode=LSD&mid=sec&sid1=102&oid=079&aid=0003368060,당연히 파묘해야지요기득권이  친일 후손이라 안되는건가오?,3,1,2020.06.04. 13:15,1
284,헤럴드경제,"‘충성파’ 에스퍼의 반기…트럼프, 국방장관 쳐낼까",https://news.naver.com/main/read.nhn?mode=LSD&mid=sec&sid1=104&oid=016&aid=0001682210,또람뿌야 컨셉을 돌아이로 갈거면 완전 미친돌아이로 가라 어설프면 목 날아간다  글구 중국견제하는거는 인정한다 ㅋ 좀더쎄게,0,1,2020.06.04. 19:50,0
285,이데일리,마포구 ‘서울화력발전소’에 대규모 문화시설 들어선다,https://news.naver.com/main/read.nhn?mode=LSD&mid=sec&sid1=101&oid=018&aid=0004656515,여기가 한때는 돔구장 예정지역이었지,0,0,2020.06.04. 11:21,0
286,매일경제,애오개역 인근 최고 70m 주상복합 들어설 듯,https://news.naver.com/main/read.nhn?mode=LSD&mid=sec&sid1=101&oid=009&aid=0004588628,마래푸 뷰 가리겠네,0,0,2020.06.04. 13:57,2
287,파이낸셜뉴스,"美 국방부, 시위 진압용 군대 투입 놓고 백악관과 ‘불협화음’",https://news.naver.com/main/read.nhn?mode=LSD&mid=sec&sid1=104&oid=014&aid=0004437302,에스퍼도 아니구만.,0,0,2020.06.06. 11:11,0
288,헤럴드경제,美국방장관 “軍 동원할 때 아냐” 반기…트럼프 자를까,https://news.naver.com/main/read.nhn?mode=LSD&mid=sec&sid1=104&oid=016&aid=0001682037,"폭도들이 대낮에 약탈, 폭행을 하는데 군대를 투입 안한다고? 난 트럼프가 옳다고 본다",57,21,2020.06.04. 10:29,10
289,헤럴드경제,美국방장관 “軍 동원할 때 아냐” 반기…트럼프 자를까,https://news.naver.com/main/read.nhn?mode=LSD&mid=sec&sid1=104&oid=016&aid=0001682037,누가 봐도 트럼프가 잘못 대처하는 중 선거를 위해 국민들 분열시키는 참 나쁜 대통령,10,1,2020.06.04. 11:48,1
290,헤럴드경제,美국방장관 “軍 동원할 때 아냐” 반기…트럼프 자를까,https://news.naver.com/main/read.nhn?mode=LSD&mid=sec&sid1=104&oid=016&aid=0001682037,덕으로 국민을 다스리는게 아니라 총칼로 짖발으려하고있네 미국이 불상하다는 생각이든다 세계리더는 이제 어느나라로 갈것인가 미국은 물건너 같네,5,0,2020.06.04. 11:52,0
291,헤럴드경제,美국방장관 “軍 동원할 때 아냐” 반기…트럼프 자를까,https://news.naver.com/main/read.nhn?mode=LSD&mid=sec&sid1=104&oid=016&aid=0001682037,통수권자 말을 듣지 않는데 가만 놔 두겠나? 더구나 트럼프는 자르는데 이력 난 선순데...,3,1,2020.06.04. 10:52,0
292,헤럴드경제,美국방장관 “軍 동원할 때 아냐” 반기…트럼프 자를까,https://news.naver.com/main/read.nhn?mode=LSD&mid=sec&sid1=104&oid=016&aid=0001682037,군인은 폭동진압 훈련을 받지 않았다. 투입못하는게 맞지 지역방어만 가능,2,0,2020.06.04. 11:25,0
293,헤럴드경제,美국방장관 “軍 동원할 때 아냐” 반기…트럼프 자를까,https://news.naver.com/main/read.nhn?mode=LSD&mid=sec&sid1=104&oid=016&aid=0001682037,트럼프는 대통령 자리가 왕좌인것 마냥 착각하고 있다. 대통령은 국민의 목소리를 듣고 화합과 정의를 실현하는 자리지 니가 예전에 있었던 사업가 사장처럼 구는 자리가 아니란 말이다,1,0,2020.06.04. 12:26,0
294,헤럴드경제,美국방장관 “軍 동원할 때 아냐” 반기…트럼프 자를까,https://news.naver.com/main/read.nhn?mode=LSD&mid=sec&sid1=104&oid=016&aid=0001682037,전두환=트럼프 똑같네 미국은 참 무서운 나라야문어 대가리는 사람을 죽인 살인마인데,1,0,2020.06.04. 11:46,0
295,헤럴드경제,美국방장관 “軍 동원할 때 아냐” 반기…트럼프 자를까,https://news.naver.com/main/read.nhn?mode=LSD&mid=sec&sid1=104&oid=016&aid=0001682037,전모씨가 생각나는군 ㅋㅋㅋㅋ 원래 권력이 군까지 가지게 되면 독재가 되는거지 도람프 목적 달성 실패,8,8,2020.06.04. 11:00,1
296,헤럴드경제,美국방장관 “軍 동원할 때 아냐” 반기…트럼프 자를까,https://news.naver.com/main/read.nhn?mode=LSD&mid=sec&sid1=104&oid=016&aid=0001682037,트럼프 저 안에서도 왕따일듯,1,1,2020.06.04. 11:14,0
297,헤럴드경제,美국방장관 “軍 동원할 때 아냐” 반기…트럼프 자를까,https://news.naver.com/main/read.nhn?mode=LSD&mid=sec&sid1=104&oid=016&aid=0001682037,딱 봐도 에스퍼 타입이네,0,0,2020.06.05. 07:44,0
298,헤럴드경제,美국방장관 “軍 동원할 때 아냐” 반기…트럼프 자를까,https://news.naver.com/main/read.nhn?mode=LSD&mid=sec&sid1=104&oid=016&aid=0001682037,소신있네  멋잇다 장관,0,0,2020.06.04. 20:07,0
299,헤럴드경제,美국방장관 “軍 동원할 때 아냐” 반기…트럼프 자를까,https://news.naver.com/main/read.nhn?mode=LSD&mid=sec&sid1=104&oid=016&aid=0001682037,이래서 링컨이 대단함. 남부 백인들이 연방 탈퇴하고 전쟁 일으키니까 셔먼 장군을 시켜서 남부를 쑥대밭으로 만들었잖아.,0,0,2020.06.04. 14:14,0
300,헤럴드경제,美국방장관 “軍 동원할 때 아냐” 반기…트럼프 자를까,https://news.naver.com/main/read.nhn?mode=LSD&mid=sec&sid1=104&oid=016&aid=0001682037,미국군은 확실히 다르네.대통령에 국민진압 반기.같은 공화당 정부인데.저건 우리 군이 배워야.,0,0,2020.06.04. 12:23,0
301,헤럴드경제,美국방장관 “軍 동원할 때 아냐” 반기…트럼프 자를까,https://news.naver.com/main/read.nhn?mode=LSD&mid=sec&sid1=104&oid=016&aid=0001682037,흑인 시인은  우리 한인들에게도 피해  된다  과거  흑인 폭동때  한인 상점 강탈 당하는거  모르냐 ?,0,0,2020.06.04. 11:50,0
302,헤럴드경제,美국방장관 “軍 동원할 때 아냐” 반기…트럼프 자를까,https://news.naver.com/main/read.nhn?mode=LSD&mid=sec&sid1=104&oid=016&aid=0001682037,동원해 이자식아!!!!!!대통령말들어 이시키야,0,0,2020.06.04. 11:41,0
303,헤럴드경제,美국방장관 “軍 동원할 때 아냐” 반기…트럼프 자를까,https://news.naver.com/main/read.nhn?mode=LSD&mid=sec&sid1=104&oid=016&aid=0001682037,사진 간만에제대로 찾아다가 썼네~ㅋㅋㅋㅋㅋ,0,0,2020.06.04. 11:39,0
304,헤럴드경제,美국방장관 “軍 동원할 때 아냐” 반기…트럼프 자를까,https://news.naver.com/main/read.nhn?mode=LSD&mid=sec&sid1=104&oid=016&aid=0001682037,못 짤라,0,0,2020.06.04. 11:24,0
305,헤럴드경제,美국방장관 “軍 동원할 때 아냐” 반기…트럼프 자를까,https://news.naver.com/main/read.nhn?mode=LSD&mid=sec&sid1=104&oid=016&aid=0001682037,전라도=흑인  DNA는 타고나는가보다,0,0,2020.06.04. 11:24,0
306,헤럴드경제,美국방장관 “軍 동원할 때 아냐” 반기…트럼프 자를까,https://news.naver.com/main/read.nhn?mode=LSD&mid=sec&sid1=104&oid=016&aid=0001682037,군인은 나라와 국민을 지키는데 써야지..폭도 진압하는데 쓰면 안됩니다..그걸 위해 훈련도 받는거구요..경찰은 뒀다 뭐합니까??,3,4,2020.06.04. 10:32,4
307,뉴시스,"에스퍼 美국방, '연방군 투입' 우왕좌왕…경질설 솔솔",https://news.naver.com/main/read.nhn?mode=LSD&mid=sec&sid1=104&oid=003&aid=0009897057,아니  미국 사람들은 왜그러니  시위를 하더라도  같은 국민들것을  왜 약탈을하냐고  이해가 안되네   평화적으로 시위를해야지  우리나라 촛불시위좀 보고배워라  코쟁이들아,2,0,2020.06.04. 11:25,0
308,뉴시스,"에스퍼 美국방, '연방군 투입' 우왕좌왕…경질설 솔솔",https://news.naver.com/main/read.nhn?mode=LSD&mid=sec&sid1=104&oid=003&aid=0009897057,그냥 무력으로 다 해결해라 이 시점에서 시민안전이 우선이지 블랙이던 화이트던 아시안이던 하스패닉이던 머슬람이던 일단 시위 강하게 피해입게하는애들은 싹다 잡아라 못살겠다 이것들 땜에,1,0,2020.06.04. 10:59,0
309,뉴시스,"에스퍼 美국방, '연방군 투입' 우왕좌왕…경질설 솔솔",https://news.naver.com/main/read.nhn?mode=LSD&mid=sec&sid1=104&oid=003&aid=0009897057,짱개가 범죄조직 사주하여 폭동 일으킨거면?,2,2,2020.06.04. 11:09,0
310,뉴시스,"에스퍼 美국방, '연방군 투입' 우왕좌왕…경질설 솔솔",https://news.naver.com/main/read.nhn?mode=LSD&mid=sec&sid1=104&oid=003&aid=0009897057,"내 장담하는데 또람푸는 그냥 입터는거고 절대 실천하지 못함. 보기보다 엄청 겁쟁이고 미국이 중국때리는거 같지, 면밀히 보면 중국이 미국(트럼프) 때리기 하고 있음ㅋㅋㅋ",0,0,2020.06.04. 11:38,0
311,뉴시스,"에스퍼 美국방, '연방군 투입' 우왕좌왕…경질설 솔솔",https://news.naver.com/main/read.nhn?mode=LSD&mid=sec&sid1=104&oid=003&aid=0009897057,결국 인권 단체들 눈치 보느라 폭도들에게 희생당하는 무고한 시민들을 버리는거지 뭐,0,0,2020.06.04. 10:56,0
312,뉴시스,"에스퍼 美국방, '연방군 투입' 우왕좌왕…경질설 솔솔",https://news.naver.com/main/read.nhn?mode=LSD&mid=sec&sid1=104&oid=003&aid=0009897057,상원 하원이 뭐하나.거기다 표결을 붙여 나온것으로 해보면 트럼프 손 안대고 코 푸는건데.,0,0,2020.06.04. 10:53,0
313,뉴시스,"에스퍼 美국방, '연방군 투입' 우왕좌왕…경질설 솔솔",https://news.naver.com/main/read.nhn?mode=LSD&mid=sec&sid1=104&oid=003&aid=0009897057,공개적으로 반기는 경질돼야. 이건 아니지. 그럼 장관 밑에 것들이 장군 말 안듣고 장군들이 반기를 들면 어쩔건데.,0,0,2020.06.04. 10:52,0
314,뉴시스,"에스퍼 美국방, '연방군 투입' 우왕좌왕…경질설 솔솔",https://news.naver.com/main/read.nhn?mode=LSD&mid=sec&sid1=104&oid=003&aid=0009897057,근본이 뭔기를 알아야하고 그걸 먼저 해결하는게 우선 순위인듯,0,0,2020.06.04. 10:31,0
315,뉴시스,"에스퍼 美국방, '연방군 투입' 우왕좌왕…경질설 솔솔",https://news.naver.com/main/read.nhn?mode=LSD&mid=sec&sid1=104&oid=003&aid=0009897057,"두들겨맞고 폭도에게 살해당하는 미국인은 니 국민 아니냐?유승민, 김무성 같은놈이 미국의 국방장관이었네..",2,3,2020.06.04. 10:35,1
316,뉴시스,"에스퍼 美국방, '연방군 투입' 우왕좌왕…경질설 솔솔",https://news.naver.com/main/read.nhn?mode=LSD&mid=sec&sid1=104&oid=003&aid=0009897057,"지가 대통령이고 국가운영자인줄 착각하는게 한참 잘못되보이네, 빨리 경질되고 미국은 해야할 조취를 취하고 평화를 찾길",2,3,2020.06.04. 09:56,1
317,뉴시스,"에스퍼 美국방, '연방군 투입' 우왕좌왕…경질설 솔솔",https://news.naver.com/main/read.nhn?mode=LSD&mid=sec&sid1=104&oid=003&aid=0009897057,꼴통 대통령 뽑아서 자업자득,1,2,2020.06.04. 11:02,1
318,뉴시스,"에스퍼 美국방, '연방군 투입' 우왕좌왕…경질설 솔솔",https://news.naver.com/main/read.nhn?mode=LSD&mid=sec&sid1=104&oid=003&aid=0009897057,재선에 실패할것 같으니 계엄령이라도 내릴 생각인가..? 어디서 많이 듣던 시나리오인데...,2,4,2020.06.04. 10:31,1
319,오마이뉴스,"민주당 대선주자 뛰는데, 통합당엔 김종인 얘기만…",https://news.naver.com/main/read.nhn?mode=LSD&mid=sec&sid1=100&oid=047&aid=0002271992,김종인이 유일 대선후보니까~~,0,0,2020.06.04. 16:53,0
320,오마이뉴스,"민주당 대선주자 뛰는데, 통합당엔 김종인 얘기만…",https://news.naver.com/main/read.nhn?mode=LSD&mid=sec&sid1=100&oid=047&aid=0002271992,이 영감  물러나가야되는데   공명심 장난아냐  주제팍악이 안되    혼자북치고장구치고  뜰놈 없다  지가  다한다  봐라 ㅡㅎ,0,0,2020.06.04. 14:12,0
321,오마이뉴스,"민주당 대선주자 뛰는데, 통합당엔 김종인 얘기만…",https://news.naver.com/main/read.nhn?mode=LSD&mid=sec&sid1=100&oid=047&aid=0002271992,김종인은 당장 대구의 영웅 히로뽕 박지만을 영입해서 대선주자로 추대해야한다,0,0,2020.06.04. 13:48,0
322,오마이뉴스,"민주당 대선주자 뛰는데, 통합당엔 김종인 얘기만…",https://news.naver.com/main/read.nhn?mode=LSD&mid=sec&sid1=100&oid=047&aid=0002271992,김종인을 차기 대통령으로 추대하자!! 이낙연을 무찌르자!! 아니면 민경욱 의원이 적격이다!! 무찌르자 좌파 빨갱이!!,0,0,2020.06.04. 11:16,0
323,오마이뉴스,"민주당 대선주자 뛰는데, 통합당엔 김종인 얘기만…",https://news.naver.com/main/read.nhn?mode=LSD&mid=sec&sid1=100&oid=047&aid=0002271992,위원장님나오시면찍어드릴께요.그왜에는안됩니다.,0,0,2020.06.04. 10:51,0
324,뉴시스,"AP ""에스퍼 美국방, 워싱턴 배치 병력 복귀 결정 번복""",https://news.naver.com/main/read.nhn?mode=LSD&mid=sec&sid1=104&oid=003&aid=0009896854,폭도들 진압해야지 ... 약탈하고 방화하고 한인가게들 보니 장난아니더만..... 그리고 코로나때문이라도 집회는 아니지 !!,21,5,2020.06.04. 09:15,2
325,뉴시스,"AP ""에스퍼 美국방, 워싱턴 배치 병력 복귀 결정 번복""",https://news.naver.com/main/read.nhn?mode=LSD&mid=sec&sid1=104&oid=003&aid=0009896854,니네 집이 불나고 약탈당하고 전기톱으로 문 뚫려 시위가장한 범죄자 침입당해봐야 군부대 투입할래 뭐가 위험상황이 아니야한인상점들 피해속출하고 있는데 피해액봐라시위대때문에 무고한 시민들 통행금지까지 당하고잇다,2,0,2020.06.04. 09:27,0
326,뉴시스,"AP ""에스퍼 美국방, 워싱턴 배치 병력 복귀 결정 번복""",https://news.naver.com/main/read.nhn?mode=LSD&mid=sec&sid1=104&oid=003&aid=0009896854,지금 누가봐도 비상사태 맞는데 저놈은 소신있는척 말 안듣네,0,0,2020.06.04. 09:47,0
327,뉴시스,"AP ""에스퍼 美국방, 워싱턴 배치 병력 복귀 결정 번복""",https://news.naver.com/main/read.nhn?mode=LSD&mid=sec&sid1=104&oid=003&aid=0009896854,트럼프.. 나혼자 산다 나올 때가 가장 좋았다,0,1,2020.06.04. 09:13,0
328,뉴시스,"AP ""에스퍼 美국방, 워싱턴 배치 병력 복귀 결정 번복""",https://news.naver.com/main/read.nhn?mode=LSD&mid=sec&sid1=104&oid=003&aid=0009896854,트럼프는 미국 역사상 최악의 대통령인듯 ㅋㅋ,8,11,2020.06.04. 08:55,2
329,뉴시스,"AP ""에스퍼 美국방, 워싱턴 배치 병력 복귀 결정 번복""",https://news.naver.com/main/read.nhn?mode=LSD&mid=sec&sid1=104&oid=003&aid=0009896854,미국는 대통령 잘못나오니  세계에서 다들 아픈소리 나온다........,4,7,2020.06.04. 09:18,1
330,뉴시스,"AP ""에스퍼 美국방, 워싱턴 배치 병력 복귀 결정 번복""",https://news.naver.com/main/read.nhn?mode=LSD&mid=sec&sid1=104&oid=003&aid=0009896854,여기가 진짜 독재구만~~  한마디 반대한다고 짜른다고 하고실제로 트위터든 문자로든 막 짤라내고 미국이 어찌 이리 됐지?,8,12,2020.06.04. 08:46,1
331,한국경제,"에스퍼 美 국방, 워싱턴 배치 일부 군인 복귀 결정 '번복'",https://news.naver.com/main/read.nhn?mode=LSD&mid=sec&sid1=104&oid=015&aid=0004353590,"天安門事件(천안문사태)가 떠오르는군 민주화를 요구하는 수천명의 중국인들을 탱크와 장갑차를 동원해 깔아죽이고 발포해서 죽이고 해산시켰지 심지어 그들은 총기도 소유하지 않았고 상점도 털지 않았어 다른 나라사람은 몰라도 조선족, 공산당 니들은 전두환 트럼프 비난할 자격이없지",2,0,2020.06.04. 09:39,0
332,한국경제,"에스퍼 美 국방, 워싱턴 배치 일부 군인 복귀 결정 '번복'",https://news.naver.com/main/read.nhn?mode=LSD&mid=sec&sid1=104&oid=015&aid=0004353590,줏대 있다고 빨아준지 30분만에 깨갱 ㅋㅋ,2,0,2020.06.04. 08:57,0
333,한국경제,"에스퍼 美 국방, 워싱턴 배치 일부 군인 복귀 결정 '번복'",https://news.naver.com/main/read.nhn?mode=LSD&mid=sec&sid1=104&oid=015&aid=0004353590,느그들 그러나 518광주민주화운동 쬬난다  미국은 우리나라와 틀려  살인마 전두환이는 지금까지 살아있지만 느그들은 즉각 사형이다 느그들이 더 잘알지?,0,0,2020.06.04. 09:28,0
334,한국경제,"에스퍼 美 국방, 워싱턴 배치 일부 군인 복귀 결정 '번복'",https://news.naver.com/main/read.nhn?mode=LSD&mid=sec&sid1=104&oid=015&aid=0004353590,미국 흑인이 죽었다고 우리나라 연예인들까지 나서서 인종차별 안된다고 동참한다고 쇼하고 얼마전 아파트 경비 아저씨는 아파트 주민에게 두들겨 맞아서 자살을했는데 아무도 별관심 안가져주고 아파트 경비원의 자살이나 과잉진압으로 죽은 흑인이다 똑같이 갑질로 죽은건데 흑인이 과잉진압 인종차별 어쩌구 떠들면서 인종차별반대 시위하는 퍼포먼스를 따라하는 연예인들이 역겹다 어찌보면 겅비아저씨가 더욱더 불쌍하고 관심을 가져줘야하는데 왜 흑인인종차별에 더 열을올리지 미국 할램가에 가면은 한국인들 더 심하게 인종차별받아 웃겨 연예인들 너~~무 가증스럽다,0,1,2020.06.04. 09:56,1
335,한국경제,"에스퍼 美 국방, 워싱턴 배치 일부 군인 복귀 결정 '번복'",https://news.naver.com/main/read.nhn?mode=LSD&mid=sec&sid1=104&oid=015&aid=0004353590,폭도들을 현장에서 사살하라.,0,3,2020.06.04. 09:21,1
336,SBS,"""에스퍼, 워싱턴 인근 배치 병력 일부 원대복귀 결정 번복""",https://news.naver.com/main/read.nhn?mode=LSD&mid=sec&sid1=104&oid=055&aid=0000819104,"天安門事件(천안문사태)가 떠오르는군 민주화를 요구하는 수천명의 중국인들을 탱크와 장갑차를 동원해 깔아죽이고 발포해서 죽이고 해산시켰지 심지어 그들은 총기도 소유하지 않았고 상점도 털지 않았어 다른 나라사람은 몰라도 조선족, 공산당 니들은 전두환 트럼프 비난할 자격이없지",2,0,2020.06.04. 09:50,0
337,TV조선,미국 시위 8일째…긴장감 여전하지만 '폭력 사태' 줄어,https://news.naver.com/main/read.nhn?mode=LSD&mid=sec&sid1=104&oid=448&aid=0000298934,폭력해서   뭐할건데 ?  답답들아  ᆢ 평화시위랑  폭력강도랑  구분도  해야지,9,1,2020.06.04. 08:22,0
338,TV조선,미국 시위 8일째…긴장감 여전하지만 '폭력 사태' 줄어,https://news.naver.com/main/read.nhn?mode=LSD&mid=sec&sid1=104&oid=448&aid=0000298934,백인들이 진짜 존나 착해서 진정되는중. 잘못한것도 없는 사람들이 사과하고 다님  ㅎㄷㄷ 진짜 미국백인들 진국이다,8,2,2020.06.04. 08:14,7
339,TV조선,미국 시위 8일째…긴장감 여전하지만 '폭력 사태' 줄어,https://news.naver.com/main/read.nhn?mode=LSD&mid=sec&sid1=104&oid=448&aid=0000298934,왜 인종차별 당하는지를 스스로 증명하는가? 중국폐렴 처럼? 차이나게이트 ■조선족게이트 처럼?,3,0,2020.06.04. 09:00,0
340,TV조선,미국 시위 8일째…긴장감 여전하지만 '폭력 사태' 줄어,https://news.naver.com/main/read.nhn?mode=LSD&mid=sec&sid1=104&oid=448&aid=0000298934,그래서 인종차별에 반대하는 시위대가 왜 민가와 상점을 약탈하는데?,2,0,2020.06.04. 10:26,0
341,TV조선,미국 시위 8일째…긴장감 여전하지만 '폭력 사태' 줄어,https://news.naver.com/main/read.nhn?mode=LSD&mid=sec&sid1=104&oid=448&aid=0000298934,Antifa가주도하는거임. 믿는구석이 있어서 약탈하는거고..선동되는건 무식한감정노예들. 그동안 코로나로 아시안 폭행 수도없이 많을때는 침묵하더니..흑인 억울하게 한명 죽었다고 이난리? 매일같이 뉴욕 빈민가에서는 살인사고가 끊이지않는 미국에서? 뒷배없이 못하는 반트럼프세력의짓임. 박근혜하야 주동한 패미세력과 동일하다함. 좌파들이 무식한 한국인선동한것처럼 이번엔 무식한 흑인 남미 선동시키는거. 깨어나지못하면 이렇게 이용당하는거임. 무식인증하는거지. 트럼프 재선못하면 중국 분열 못하는데 정상미국인이면 지금 이 좌파 감정선동에 속을리가.,1,0,2020.06.04. 09:25,0
342,TV조선,미국 시위 8일째…긴장감 여전하지만 '폭력 사태' 줄어,https://news.naver.com/main/read.nhn?mode=LSD&mid=sec&sid1=104&oid=448&aid=0000298934,약탈자는 현장 사살해야한다.,1,0,2020.06.04. 09:11,0
343,TV조선,미국 시위 8일째…긴장감 여전하지만 '폭력 사태' 줄어,https://news.naver.com/main/read.nhn?mode=LSD&mid=sec&sid1=104&oid=448&aid=0000298934,추악한 언론. 대한민국 부정선거 대규모시위에는 침묵하고 미국시위 내보내는 추악한 언론  .  폐간하는게 어떨지,0,0,2020.06.06. 17:09,0
344,TV조선,미국 시위 8일째…긴장감 여전하지만 '폭력 사태' 줄어,https://news.naver.com/main/read.nhn?mode=LSD&mid=sec&sid1=104&oid=448&aid=0000298934,이번 폭동으로 흑인은 역시 무력으로 다스려야 한다는 관념이 더욱 강해졌다 지들이 지들 이미지를 만드는데 어쩌랴,0,0,2020.06.04. 12:53,0
345,TV조선,미국 시위 8일째…긴장감 여전하지만 '폭력 사태' 줄어,https://news.naver.com/main/read.nhn?mode=LSD&mid=sec&sid1=104&oid=448&aid=0000298934,폭동하는 애들중에 몇명은 우한폐럼 걸려 죽겠지,0,0,2020.06.04. 11:12,0
346,TV조선,미국 시위 8일째…긴장감 여전하지만 '폭력 사태' 줄어,https://news.naver.com/main/read.nhn?mode=LSD&mid=sec&sid1=104&oid=448&aid=0000298934,흑인들은 그 사건으로 시위를 하자는게아니라. 기회삼아 약탈 도둑질할 구실을 찿은거같다.계속 약탈 강도짓이 늘면 미국정부도 엄격한 조치를 내놓을법하다.,0,0,2020.06.04. 10:21,0
347,TV조선,미국 시위 8일째…긴장감 여전하지만 '폭력 사태' 줄어,https://news.naver.com/main/read.nhn?mode=LSD&mid=sec&sid1=104&oid=448&aid=0000298934,부정선거 수사하라!!!! 증거보존신청 받아들여라!!!선거인명부조차 내어주는 않는것들,0,0,2020.06.04. 10:07,0
348,TV조선,미국 시위 8일째…긴장감 여전하지만 '폭력 사태' 줄어,https://news.naver.com/main/read.nhn?mode=LSD&mid=sec&sid1=104&oid=448&aid=0000298934,인종차별이 잘못된것은 맞는데 왜 아무 죄 없는 시민들에게 회풀이하는지 이해 못하겠다. 저걸 가지고 시위라고 보는게 맞는건가?? 왜 본인들의 스트레스를 무고한 사람들에게 풀고있는걸로 보이는지 모르겠다.,0,0,2020.06.04. 10:03,0
349,TV조선,미국 시위 8일째…긴장감 여전하지만 '폭력 사태' 줄어,https://news.naver.com/main/read.nhn?mode=LSD&mid=sec&sid1=104&oid=448&aid=0000298934,미국의 힘.,0,0,2020.06.04. 09:51,0
350,TV조선,미국 시위 8일째…긴장감 여전하지만 '폭력 사태' 줄어,https://news.naver.com/main/read.nhn?mode=LSD&mid=sec&sid1=104&oid=448&aid=0000298934,이미 털거 다 털어서 시들한가보내,0,0,2020.06.04. 09:24,0
351,TV조선,미국 시위 8일째…긴장감 여전하지만 '폭력 사태' 줄어,https://news.naver.com/main/read.nhn?mode=LSD&mid=sec&sid1=104&oid=448&aid=0000298934,오리지널미국인백인들보다 이민자들 외노자 흑인 이늠들이 기회다 싶어 약탈하는거,0,0,2020.06.04. 08:48,0
352,연합뉴스,"""에스퍼, 워싱턴 인근 배치 병력 일부 원대복귀 결정 번복""",https://news.naver.com/main/read.nhn?mode=LSD&mid=sec&sid1=104&oid=001&aid=0011654366,니가 그러고도 국무부장관이냐일반시민 시위대때문에 공포에 떨고 있는게니 눈에는 시급한 상황이 아닌가보지!!,2,1,2020.06.04. 09:04,1
353,한국경제,"美국방, 트럼프에 '반기'…""시위 진압에 군 동원할 상황 아냐""",https://news.naver.com/main/read.nhn?mode=LSD&mid=sec&sid1=104&oid=015&aid=0004353563,공권력이 잘 못 했으니 과격시위 할 수 있다 쳐도 애꿎은 상점약탈 및 방화는 폭동 맞다,42,4,2020.06.04. 07:43,2
354,한국경제,"美국방, 트럼프에 '반기'…""시위 진압에 군 동원할 상황 아냐""",https://news.naver.com/main/read.nhn?mode=LSD&mid=sec&sid1=104&oid=015&aid=0004353563,트럼프놈..미국형 제2의 전대가리인겨?,26,14,2020.06.04. 07:26,6
355,한국경제,"美국방, 트럼프에 '반기'…""시위 진압에 군 동원할 상황 아냐""",https://news.naver.com/main/read.nhn?mode=LSD&mid=sec&sid1=104&oid=015&aid=0004353563,일반시위가 아니라 무력을 동반한 폭동에 약탈까지 이루어지니  범죄로 이어지기전 잡아야한다!!,5,0,2020.06.04. 08:11,0
356,한국경제,"美국방, 트럼프에 '반기'…""시위 진압에 군 동원할 상황 아냐""",https://news.naver.com/main/read.nhn?mode=LSD&mid=sec&sid1=104&oid=015&aid=0004353563,미국도 ㄸ ㅗㄹㅏ이 대통령으로인해 문제가 많네.,5,0,2020.06.04. 08:08,0
357,한국경제,"美국방, 트럼프에 '반기'…""시위 진압에 군 동원할 상황 아냐""",https://news.naver.com/main/read.nhn?mode=LSD&mid=sec&sid1=104&oid=015&aid=0004353563,미국시위... 상점도 털리고.방화에. 경찰에게 총도 쏘는데... ㅋ 한국 의경한테 한수 배워야 될듯,2,0,2020.06.04. 08:14,0
358,한국경제,"美국방, 트럼프에 '반기'…""시위 진압에 군 동원할 상황 아냐""",https://news.naver.com/main/read.nhn?mode=LSD&mid=sec&sid1=104&oid=015&aid=0004353563,폭동인데 미국방수뇌부는  총을 처 맞았나?정신차려 폭동은 초기에 잡아야 되!!,1,0,2020.06.04. 22:01,0
359,한국경제,"美국방, 트럼프에 '반기'…""시위 진압에 군 동원할 상황 아냐""",https://news.naver.com/main/read.nhn?mode=LSD&mid=sec&sid1=104&oid=015&aid=0004353563,이게 미국이다. 북한이 총쏴도 일단 '고의가 아니'란 말만하고 내 나라땅 함박땅이 빼았겨도 북한땅이라 지껄이는 누구하곤 다르지,1,0,2020.06.04. 08:22,0
360,한국경제,"美국방, 트럼프에 '반기'…""시위 진압에 군 동원할 상황 아냐""",https://news.naver.com/main/read.nhn?mode=LSD&mid=sec&sid1=104&oid=015&aid=0004353563,트럼프 다음 대선은 물건너 가벼렸쥬,1,0,2020.06.04. 07:37,0
361,한국경제,"美국방, 트럼프에 '반기'…""시위 진압에 군 동원할 상황 아냐""",https://news.naver.com/main/read.nhn?mode=LSD&mid=sec&sid1=104&oid=015&aid=0004353563,우리나라에서 트럼프 응원하는 사람들의 심리는? 반중이라서? 아무리 반중하는게 중요하더라도 정신병자를 앞세워서 반중하니?,1,1,2020.06.04. 08:10,2
362,한국경제,"美국방, 트럼프에 '반기'…""시위 진압에 군 동원할 상황 아냐""",https://news.naver.com/main/read.nhn?mode=LSD&mid=sec&sid1=104&oid=015&aid=0004353563,폭동 진압하려면 군대 투입해야지,1,1,2020.06.04. 08:06,1
363,한국경제,"美국방, 트럼프에 '반기'…""시위 진압에 군 동원할 상황 아냐""",https://news.naver.com/main/read.nhn?mode=LSD&mid=sec&sid1=104&oid=015&aid=0004353563,미국애들 말론 안티파 단체 공산당 지지하는 시민단체 애들이 공작한 폭동이라고 함. 저틈에 중국유학생들이 같이 껴서 불지르고 가게 창깨서 다훔쳐가고 사람들 개패듯 패고 경찰한테 총쏘고 ㅈㄹ하는중이라고 ㅎㅎ중국공작중 ㅎㅎ근데 민주당이 트럼프 죽일라고 언론조작질중 ㅎㅎ우리나라 언론도 똑같이 선량한 경찰이랑 트럼프 죽일라고 같이 언론 조작질중 ㅎㅎ흑인애들은 한국인 개시러함 이번 코로나 판데믹 뉴욕에 막 터지기 시작할때 흑인애들이 한국학생들 겁나팸. 흑인애들이 예전에 미국 사람한테 인종차별 당했다고 열받아서 LA한국들 총쏴죽인것들임 ㅎ,0,0,2020.06.04. 23:52,0
364,한국경제,"美국방, 트럼프에 '반기'…""시위 진압에 군 동원할 상황 아냐""",https://news.naver.com/main/read.nhn?mode=LSD&mid=sec&sid1=104&oid=015&aid=0004353563,트럼프는 이대로 가면 재선이 상당히 힘들것같다. 우리는 트럼프재선실패 시 국제관계에서 어떻게 대응해야 할지를 여러가지 시나리오를 가지고 미리 대비해야 할 것이다. 미국이 우리를 추켜세우고 있지만 국제사회에서는 언제 어떻게 상황이 급변할지 모른다. 또한 미국과 우리는 방위비분담이라는 갈등요소도 있고 중국과의 관계로 인한 뇌관도 여전히 살아있다. 일본과의 관계도 마찬가지다. 뭐 알아서 잘하겠다만 노파심에 적어본다.,0,0,2020.06.04. 08:11,0
365,한국경제,"美국방, 트럼프에 '반기'…""시위 진압에 군 동원할 상황 아냐""",https://news.naver.com/main/read.nhn?mode=LSD&mid=sec&sid1=104&oid=015&aid=0004353563,종교가 이 상황에서 왜 튀어나와.... 아시안 문화를 미신 믿는 문화정도로 생각하더니본인들은 이 상황에 하나님의 힘이라도 빌리시려고?? 어디 부족의 부족장도 아니고 저게 뭐냐 도대체...,0,0,2020.06.04. 08:09,0
366,한국경제,"美국방, 트럼프에 '반기'…""시위 진압에 군 동원할 상황 아냐""",https://news.naver.com/main/read.nhn?mode=LSD&mid=sec&sid1=104&oid=015&aid=0004353563,상식과 몰상식의 충돌이구나. 누가 상식인지는 뭐...,0,0,2020.06.04. 08:05,0
367,한국경제,"美국방, 트럼프에 '반기'…""시위 진압에 군 동원할 상황 아냐""",https://news.naver.com/main/read.nhn?mode=LSD&mid=sec&sid1=104&oid=015&aid=0004353563,역시 울 트럼프~만민의 기대 저버리지 않네~걍 폭싹 망하라~경사 났다~,0,0,2020.06.04. 08:05,0
368,세계일보,상공에 '전투 헬기' 도로엔 '최루 가스'… 트럼프는 사진 찍으러 교회로,https://news.naver.com/main/read.nhn?mode=LSD&mid=sec&sid1=104&oid=022&aid=0003471616,불탄 상가 사진을 보니 탱크는 보내야할것 같은데... 저 상점이 네 가족이 하는 가게라고 생각해봐라 얼마나 무서웠겠냐? 울컥한다,6,3,2020.06.04. 07:58,0
369,세계일보,상공에 '전투 헬기' 도로엔 '최루 가스'… 트럼프는 사진 찍으러 교회로,https://news.naver.com/main/read.nhn?mode=LSD&mid=sec&sid1=104&oid=022&aid=0003471616,사진 찍으러 교회로 가기위해 평화롭게 시위하는 사람들한테 저런짓하다니 참 답없다,3,2,2020.06.04. 08:12,0
370,세계일보,상공에 '전투 헬기' 도로엔 '최루 가스'… 트럼프는 사진 찍으러 교회로,https://news.naver.com/main/read.nhn?mode=LSD&mid=sec&sid1=104&oid=022&aid=0003471616,트럼프가족들을 몰살시켜라...미국국민들이여..,1,1,2020.06.04. 09:19,0
371,세계일보,상공에 '전투 헬기' 도로엔 '최루 가스'… 트럼프는 사진 찍으러 교회로,https://news.naver.com/main/read.nhn?mode=LSD&mid=sec&sid1=104&oid=022&aid=0003471616,트럼프는 게르만족이다!피는 못속여!!!!!,0,0,2020.06.04. 17:36,0
372,세계일보,상공에 '전투 헬기' 도로엔 '최루 가스'… 트럼프는 사진 찍으러 교회로,https://news.naver.com/main/read.nhn?mode=LSD&mid=sec&sid1=104&oid=022&aid=0003471616,또럼푸영감! 증말 답이 없는 미친 Droc-Jersey야!,0,0,2020.06.04. 07:20,0
373,머니투데이,"""제가 저 분의 딸입니다"" 인정받는데 '67년' 걸린 사연",https://news.naver.com/main/read.nhn?mode=LSD&mid=sec&sid1=102&oid=008&aid=0004419549,슨상님의 따님 이야기인줄....,1,3,2020.06.04. 07:49,0
374,머니투데이,"""제가 저 분의 딸입니다"" 인정받는데 '67년' 걸린 사연",https://news.naver.com/main/read.nhn?mode=LSD&mid=sec&sid1=102&oid=008&aid=0004419549,전라도면 의심할만한데..,2,11,2020.06.04. 09:29,2
375,서울신문,워싱턴DC 육군 1600여명 배치… 도시 곳곳 시위대·경찰 충돌,https://news.naver.com/main/read.nhn?mode=LSD&mid=sec&sid1=104&oid=081&aid=0003096087,무식하네 ㅋㅋ  트럼프 탄핵해라,2,8,2020.06.04. 05:38,2
376,조선일보,"트럼프에 반기 든 美국방 ""시위 진압에 연방군 투입 반대""",https://news.naver.com/main/read.nhn?mode=LSD&mid=sec&sid1=104&oid=023&aid=0003536258,"평화적인 시위는 보장해야 하지만, 폭력시위, 무기탈취, 기물파손, 공공장소 방화, 도둑질 이런 사람들은 군대를 투입해서라도 강경진압 하고, 철저하게 책임을 물어야지! 시위라고 그냥두면, 일반 시민은 누구를 믿고 편안하게 살아가나? 우리가 미국의 시위진압을 보면서, 광주 518 민주화도 한번쯤 되돌아 봐야하지 않나 싶다!",56,2,2020.06.04. 08:04,1
377,조선일보,"트럼프에 반기 든 美국방 ""시위 진압에 연방군 투입 반대""",https://news.naver.com/main/read.nhn?mode=LSD&mid=sec&sid1=104&oid=023&aid=0003536258,결국 군대를 투입하니 약탈이 줄어든 것 같네... 원래 범죄자들은 원초적인 폭력 외에 제어할 수단따윈 없다,41,0,2020.06.04. 03:27,0
378,조선일보,"트럼프에 반기 든 美국방 ""시위 진압에 연방군 투입 반대""",https://news.naver.com/main/read.nhn?mode=LSD&mid=sec&sid1=104&oid=023&aid=0003536258,"불순한 의도를 가지고 시위가 아닌 폭동을 하는 <안티파>같은 세력이 1980년 한국 광주에도 있었지? God bless  USA, Trumph!",24,2,2020.06.04. 07:57,0
379,조선일보,"트럼프에 반기 든 美국방 ""시위 진압에 연방군 투입 반대""",https://news.naver.com/main/read.nhn?mode=LSD&mid=sec&sid1=104&oid=023&aid=0003536258,힘없는 평화란 없다! 악은 더큰 힘으로 눌러 막는수 밖에없다!,10,1,2020.06.04. 07:53,0
380,조선일보,"트럼프에 반기 든 美국방 ""시위 진압에 연방군 투입 반대""",https://news.naver.com/main/read.nhn?mode=LSD&mid=sec&sid1=104&oid=023&aid=0003536258,6일 서초구 집회 가자. 민병욱과 함께하자 뭉개인과 좀비들의 부정선거를 파헤쳐보자.,7,0,2020.06.04. 08:01,0
381,조선일보,"트럼프에 반기 든 美국방 ""시위 진압에 연방군 투입 반대""",https://news.naver.com/main/read.nhn?mode=LSD&mid=sec&sid1=104&oid=023&aid=0003536258,왜 평화시위에는 군대투입하고 약탈 방화현장은 그대로 놔두는거냐? 경찰이 피해가던데 그 현장을? 어불성설이다 정말 나라꼴 잘돌아간다,7,4,2020.06.04. 05:08,0
382,조선일보,"트럼프에 반기 든 美국방 ""시위 진압에 연방군 투입 반대""",https://news.naver.com/main/read.nhn?mode=LSD&mid=sec&sid1=104&oid=023&aid=0003536258,코로나가 무섭나 뭉개인이 무섭나? 6일 서초구에서 부정투표 고발 시민 집회가 있다.,4,1,2020.06.04. 08:03,0
383,조선일보,"트럼프에 반기 든 美국방 ""시위 진압에 연방군 투입 반대""",https://news.naver.com/main/read.nhn?mode=LSD&mid=sec&sid1=104&oid=023&aid=0003536258,허접한 우리 국방장관과 너무 대조된다. 장군출신이라면 저런 소신이 있어야지~~,3,0,2020.06.04. 08:49,0
384,조선일보,"트럼프에 반기 든 美국방 ""시위 진압에 연방군 투입 반대""",https://news.naver.com/main/read.nhn?mode=LSD&mid=sec&sid1=104&oid=023&aid=0003536258,그런데 우리나라 국방장관도 문재인이 에게 반기를 들때는 드는것을  미국 국방장 에게 좀 배워라 배워...,2,0,2020.06.04. 08:51,1
385,조선일보,"트럼프에 반기 든 美국방 ""시위 진압에 연방군 투입 반대""",https://news.naver.com/main/read.nhn?mode=LSD&mid=sec&sid1=104&oid=023&aid=0003536258,강단있는 장관이네. 울나라 국방장관은?,1,0,2020.06.04. 08:49,0
386,조선일보,"트럼프에 반기 든 美국방 ""시위 진압에 연방군 투입 반대""",https://news.naver.com/main/read.nhn?mode=LSD&mid=sec&sid1=104&oid=023&aid=0003536258,그렇겠죠  역시 민주국가는다르네요. 대통령 권한만집중하는 한국과 다르네요,1,0,2020.06.04. 08:44,0
387,조선일보,"트럼프에 반기 든 美국방 ""시위 진압에 연방군 투입 반대""",https://news.naver.com/main/read.nhn?mode=LSD&mid=sec&sid1=104&oid=023&aid=0003536258,"""약탈자, 암살단원, 급진 좌파와 모든 종류의 하류 인생""",1,0,2020.06.04. 08:38,0
388,조선일보,"트럼프에 반기 든 美국방 ""시위 진압에 연방군 투입 반대""",https://news.naver.com/main/read.nhn?mode=LSD&mid=sec&sid1=104&oid=023&aid=0003536258,에스퍼는 하나만 알고 둘은 모른다. 가장 끔찍하고 처참할때 투입하는건 이미 늦은거다. 미연에 방지라는걸 모르는 인간인거다.,1,0,2020.06.04. 08:33,0
389,조선일보,"트럼프에 반기 든 美국방 ""시위 진압에 연방군 투입 반대""",https://news.naver.com/main/read.nhn?mode=LSD&mid=sec&sid1=104&oid=023&aid=0003536258,약탈하는 폭동꾼들좀 제압해라ㅡ 열에 한둘되는 평화시위는위험대상이아니다,1,0,2020.06.04. 08:15,0
390,조선일보,"트럼프에 반기 든 美국방 ""시위 진압에 연방군 투입 반대""",https://news.naver.com/main/read.nhn?mode=LSD&mid=sec&sid1=104&oid=023&aid=0003536258,알아챈건가? 트럼프 재선이 힘들다는걸.,0,0,2020.06.04. 13:52,0
391,조선일보,"트럼프에 반기 든 美국방 ""시위 진압에 연방군 투입 반대""",https://news.naver.com/main/read.nhn?mode=LSD&mid=sec&sid1=104&oid=023&aid=0003536258,시진핑도 홍콩에   인민군 투입해라  트럼프는 되고 시진핑은 안될이유없다 극우나 극좌나 같은넘들임,0,0,2020.06.04. 08:57,0
392,조선일보,"트럼프에 반기 든 美국방 ""시위 진압에 연방군 투입 반대""",https://news.naver.com/main/read.nhn?mode=LSD&mid=sec&sid1=104&oid=023&aid=0003536258,민간인 피해 엄청 보는데 군 투입해야지 경찰병력으로 진화가 안되니까 뉴옥은 이제 끝이군,0,0,2020.06.04. 08:53,0
393,조선일보,"트럼프에 반기 든 美국방 ""시위 진압에 연방군 투입 반대""",https://news.naver.com/main/read.nhn?mode=LSD&mid=sec&sid1=104&oid=023&aid=0003536258,우리나라는 이런 국방장관 없나요!,0,0,2020.06.04. 08:39,0
394,조선일보,"트럼프에 반기 든 美국방 ""시위 진압에 연방군 투입 반대""",https://news.naver.com/main/read.nhn?mode=LSD&mid=sec&sid1=104&oid=023&aid=0003536258,저런넘은 짤라야지... 강한 공권력이 우파의 핵심이다... 폭도들은 몽둥이로 다스려라!,0,0,2020.06.04. 08:36,0
395,조선일보,경찰이 '뇌물왕' 사주받고 일반인 감금·협박,https://news.naver.com/main/read.nhn?mode=LSD&mid=sec&sid1=102&oid=023&aid=0003536250,독해력들이 왜이럼? 동업자 갈등에 뇌물먹은 짭새가 동원됐다는거잖아. 정씨가 동업자인 장씨와 갈등으로 장씨의 측근 노씨를 경찰 광수대 현직경찰 이씨를 동원해 감금/협박 했다는 내용이잖아.. 왜 현직 경찰이 저기서 나오냐면 정씨란 놈이 원래부터 뇌물로 광범위하게 공무원들을 매수한 놈임,5,1,2020.06.04. 08:53,0
396,조선일보,경찰이 '뇌물왕' 사주받고 일반인 감금·협박,https://news.naver.com/main/read.nhn?mode=LSD&mid=sec&sid1=102&oid=023&aid=0003536250,[시]내버스 [발]냄새  범죄자에게 우리나란 처벌이 관대한편임  갈로처진거 잘보라,0,0,2020.06.06. 05:44,0
397,조선일보,경찰이 '뇌물왕' 사주받고 일반인 감금·협박,https://news.naver.com/main/read.nhn?mode=LSD&mid=sec&sid1=102&oid=023&aid=0003536250,협박으로 허위 고소토록 한다는것은 얼마전 채널A기자사건과 똑같네. 조폭들도 똑같은 수법을 쓰는구나.,0,0,2020.06.04. 08:49,0
398,조선일보,경찰이 '뇌물왕' 사주받고 일반인 감금·협박,https://news.naver.com/main/read.nhn?mode=LSD&mid=sec&sid1=102&oid=023&aid=0003536250,뇌물을 주고 받지 않는 청렴하고 깨끗한 우리나라가 되었으면 한다. 더욱 좋은 나라가 됐으면 좋겠다.,0,0,2020.06.04. 07:35,0
399,조선일보,경찰이 '뇌물왕' 사주받고 일반인 감금·협박,https://news.naver.com/main/read.nhn?mode=LSD&mid=sec&sid1=102&oid=023&aid=0003536250,조선일보 기사중에 이렇게 뭔말인지 모를 기사는 오랫만이네.,1,4,2020.06.04. 08:06,0
400,조선일보,경찰이 '뇌물왕' 사주받고 일반인 감금·협박,https://news.naver.com/main/read.nhn?mode=LSD&mid=sec&sid1=102&oid=023&aid=0003536250,조썬 폐간일이 진정한ㆍ 대한독립일ㆍ이다,0,3,2020.06.04. 04:51,0
401,한국일보,"美 국방장관 “현역병력 동원, 반대”…트럼프와 정면 배치",https://news.naver.com/main/read.nhn?mode=LSD&mid=sec&sid1=104&oid=469&aid=0000502654,그래도 국방장관이 정상이네군대는 외부의적들로부터 지키려고 존재하는 것이고내부는 경찰이 지켜야지.원래 미국이 이렇치 않았잖아.잘못되도 한참 잘못된듯.이런시위가 일어났다는것 만으로도 자격상실.,1,0,2020.06.04. 07:08,0
402,한국일보,"美 국방장관 “현역병력 동원, 반대”…트럼프와 정면 배치",https://news.naver.com/main/read.nhn?mode=LSD&mid=sec&sid1=104&oid=469&aid=0000502654,반미를 합시다,0,6,2020.06.04. 00:56,0
403,국민일보,"마음을 여는 봉사, 전도의 문을 열다",https://news.naver.com/main/read.nhn?mode=LSD&mid=sec&sid1=103&oid=005&aid=0001328178,현재 코로나19로 인해 많은 피해와 소외계층들이 힘들어하고 있습니다. 물론 개척교회들도 힘들거라고 생각됩니다. 하지만 그 모습을 지켜본 성도들이 함께 이겨내는 모습이 너무 아름답니다. 힘내세요. 파이팅입니다.,0,0,2020.06.04. 13:55,0
404,중앙일보,"필라델피아선 한인 상점 50곳 털려···교민 ""하루 8억 날렸다""",https://news.naver.com/main/read.nhn?mode=LSD&mid=sec&sid1=104&oid=025&aid=0003006331,흑인 용병 고용에해서 흑인이 흑인조지게 하지..,1,0,2020.06.04. 23:21:52,0
405,중앙일보,"필라델피아선 한인 상점 50곳 털려···교민 ""하루 8억 날렸다""",https://news.naver.com/main/read.nhn?mode=LSD&mid=sec&sid1=104&oid=025&aid=0003006331,흑인에대한 혐오가 생겨버리겠네. 가방털고 나오면서 웃는 흑인여자얼굴.... ㅠㅠ 없던 혐오 생김,2,0,2020.06.04. 15:57:43,0
406,중앙일보,"필라델피아선 한인 상점 50곳 털려···교민 ""하루 8억 날렸다""",https://news.naver.com/main/read.nhn?mode=LSD&mid=sec&sid1=104&oid=025&aid=0003006331,그 경찰 정말 잘못했고 나쁜놈이지만 시위한답시고 저렇게 약탈하는건...어디를 옹호해줘야할지 모르겠음. 그냥 미개하고.. 지네보다 약한사람들 괴롭히는건 똑같은것 같고..,3,0,2020.06.04. 15:17:21,0
407,중앙일보,"필라델피아선 한인 상점 50곳 털려···교민 ""하루 8억 날렸다""",https://news.naver.com/main/read.nhn?mode=LSD&mid=sec&sid1=104&oid=025&aid=0003006331,시위를 빌미로 약탈하고 지들 욕심채우는걸로 보이는구만.,7,0,2020.06.04. 11:57:06,0
408,중앙일보,"필라델피아선 한인 상점 50곳 털려···교민 ""하루 8억 날렸다""",https://news.naver.com/main/read.nhn?mode=LSD&mid=sec&sid1=104&oid=025&aid=0003006331,어차피 그건 소수라고 정당화함 .. 최소 30퍼는 이게 기회다 싶어서 폭력 휘두르고 다니는거,1,0,2020.06.04. 11:39:51,0
409,중앙일보,"필라델피아선 한인 상점 50곳 털려···교민 ""하루 8억 날렸다""",https://news.naver.com/main/read.nhn?mode=LSD&mid=sec&sid1=104&oid=025&aid=0003006331,트럼프가 제대로 본거야 흑인들 지들이 한거는 쏙 빼고 피해의식에 빠져있다,5,0,2020.06.04. 11:28:31,0
410,중앙일보,"필라델피아선 한인 상점 50곳 털려···교민 ""하루 8억 날렸다""",https://news.naver.com/main/read.nhn?mode=LSD&mid=sec&sid1=104&oid=025&aid=0003006331,어디까지나. 평화시위일 때 시위의 지위와 정당성을 인정 받는 거다. 폭력과 약탈이 발생하면 그 순간 트럼프의 연방군 투입이 정당화 된다. 과거 la폭동 때도 그렇고 학인은 열등한 인종이다. 그저 노예가 가장 어울림.,0,0,2020.06.04. 11:11:42,0
411,중앙일보,"필라델피아선 한인 상점 50곳 털려···교민 ""하루 8억 날렸다""",https://news.naver.com/main/read.nhn?mode=LSD&mid=sec&sid1=104&oid=025&aid=0003006331,인종차별을 가장한 폭도들이고 도둑들이고 강도들이고 약탈자들입니다.저런 악행은 정당화 되여선 안되죠.백남기처럼 불법 폭력집회를 일으켜 놓고 진압과정에서 사망된 자들을  영웅으로 만드는 안티파의 폭력조장 방식은 강하게 벌을 줘야 합니다,6,0,2020.06.04. 10:37:11,0
412,중앙일보,"필라델피아선 한인 상점 50곳 털려···교민 ""하루 8억 날렸다""",https://news.naver.com/main/read.nhn?mode=LSD&mid=sec&sid1=104&oid=025&aid=0003006331,난 흑인들이 인종차별 시위하는게 너무나 우습다 흑인들은 이방인들에게 가장 심하게 차별을한다 흑인은 그래서 검둥이 인거다,1,0,2020.06.04. 10:26:47,0
413,중앙일보,"필라델피아선 한인 상점 50곳 털려···교민 ""하루 8억 날렸다""",https://news.naver.com/main/read.nhn?mode=LSD&mid=sec&sid1=104&oid=025&aid=0003006331,나라에서 마스크 지원 하지말고 수류탄 을 지원 해주세요. 물건을 훔쳐 가는거  폭파 시키면 미국 정부가 책임을 지고 방어를 하겠지요,0,0,2020.06.04. 10:24:54,0
414,중앙일보,"필라델피아선 한인 상점 50곳 털려···교민 ""하루 8억 날렸다""",https://news.naver.com/main/read.nhn?mode=LSD&mid=sec&sid1=104&oid=025&aid=0003006331,거지근성도 글로벌하네~ 이때다 싶어서 도둑질하는거지.,2,0,2020.06.04. 10:23:09,0
415,중앙일보,"필라델피아선 한인 상점 50곳 털려···교민 ""하루 8억 날렸다""",https://news.naver.com/main/read.nhn?mode=LSD&mid=sec&sid1=104&oid=025&aid=0003006331,인스타하면서 연예인이나 일반인이나 뭔가 트렌드 타는듯한 느낌에 검은사진올려놓고 블랙아웃튜즈데이 이딴글 싸지르는거보면 탄식이 절로나온다.. 미국내에서 동양인의 위치나 역인종차별에대해선 조금이라도 생각해봤는지?,3,0,2020.06.04. 09:55:55,0
416,중앙일보,"필라델피아선 한인 상점 50곳 털려···교민 ""하루 8억 날렸다""",https://news.naver.com/main/read.nhn?mode=LSD&mid=sec&sid1=104&oid=025&aid=0003006331,아니 경찰 잘못인데 왜 엉뚱한 한인에게 약탈을 하나? 예전에도 한인들에게 그랬다고 하던데,1,0,2020.06.04. 09:52:32,0
417,중앙일보,"필라델피아선 한인 상점 50곳 털려···교민 ""하루 8억 날렸다""",https://news.naver.com/main/read.nhn?mode=LSD&mid=sec&sid1=104&oid=025&aid=0003006331,약탈을 하니 흑인들을 폭도나 도둑넘으로 보는거지숨겨진 근성인지도 모름.  혹성탈출  진화의 시작!,1,0,2020.06.04. 08:56:23,0
418,중앙일보,"필라델피아선 한인 상점 50곳 털려···교민 ""하루 8억 날렸다""",https://news.naver.com/main/read.nhn?mode=LSD&mid=sec&sid1=104&oid=025&aid=0003006331,인종차별과 약탈을 일삼는 깜땡이들 혐오한다.,1,0,2020.06.04. 08:52:03,0
419,중앙일보,"필라델피아선 한인 상점 50곳 털려···교민 ""하루 8억 날렸다""",https://news.naver.com/main/read.nhn?mode=LSD&mid=sec&sid1=104&oid=025&aid=0003006331,시위를하려면 평화적으로해야지 시위의 본질이 변질되서 폭동으로 변했네,4,0,2020.06.04. 08:52:01,0
420,중앙일보,"필라델피아선 한인 상점 50곳 털려···교민 ""하루 8억 날렸다""",https://news.naver.com/main/read.nhn?mode=LSD&mid=sec&sid1=104&oid=025&aid=0003006331,인종차별 운운하면서 가장 인종차별 많이 하는 민족. 부당한 대우 폭력에 난리치면서 가장 폭력성 높고 범죄율 높고 남에게 부당하게 대하는 민족. 난 당해봐서 알아 백인애들 아무도 인종차별 안하는데 흑인애들 맨날 나보고 칭챙총챙 하며낄낄거렸음. 학교도 백인학교엔 시큐리티 없는데 흑인학교엔 복도에 덩치큰 시큐리티 돌아다님.,2,0,2020.06.04. 08:46:55,0
